dt,open,high,low,close,volume
2026-09-16 09:15:00,200.75,215.85,174.05,178.0,11396.0
2026-09-16 09:16:00,177.45,182.05,160.0,161.9,10208.0
2026-09-16 09:17:00,161.45,163.0,155.55,158.45,14515.0
2026-09-16 09:18:00,158.0,169.75,155.1,167.5,20543.0
2026-09-16 09:19:00,167.65,172.0,164.3,168.65,11662.0
2026-09-16 09:20:00,168.35,174.0,166.0,169.2,11090.0
2026-09-16 09:21:00,169.2,176.0,167.65,170.15,8992.0
2026-09-16 09:22:00,170.0,175.5,165.0,168.55,7751.0
2026-09-16 09:23:00,168.5,173.1,166.75,172.0,5953.0
2026-09-16 09:24:00,172.35,180.7,171.85,175.3,13531.0
2026-09-16 09:25:00,175.0,181.65,173.55,179.6,10170.0
2026-09-16 09:26:00,179.55,184.0,176.1,178.8,10087.0
2026-09-16 09:27:00,178.7,189.35,177.55,183.85,11963.0
2026-09-16 09:28:00,183.2,196.15,183.15,195.7,14153.0
2026-09-16 09:29:00,195.65,201.25,192.05,195.25,14279.0
2026-09-16 09:30:00,194.8,208.8,192.35,205.0,13396.0
2026-09-16 09:31:00,204.35,206.0,196.0,204.35,9376.0
2026-09-16 09:32:00,204.4,211.0,201.2,208.95,12472.0
2026-09-16 09:33:00,209.0,209.6,198.2,198.35,7035.0
2026-09-16 09:34:00,198.9,199.25,185.75,189.85,9876.0
2026-09-16 09:35:00,189.4,206.95,189.1,206.3,10581.0
2026-09-16 09:36:00,205.55,208.8,199.0,199.0,6452.0
2026-09-16 09:37:00,199.2,212.55,198.25,209.4,8791.0
2026-09-16 09:38:00,209.65,218.55,208.25,216.65,11391.0
2026-09-16 09:39:00,216.95,219.95,210.05,217.7,7643.0
2026-09-16 09:40:00,217.9,222.6,213.35,220.1,9898.0
2026-09-16 09:41:00,220.8,227.4,218.45,223.75,7249.0
2026-09-16 09:42:00,223.9,230.0,222.55,225.5,6300.0
2026-09-16 09:43:00,225.95,229.0,223.4,227.3,3366.0
2026-09-16 09:44:00,226.95,234.0,221.0,233.6,5987.0
2026-09-16 09:45:00,234.0,239.0,226.5,229.0,9205.0
2026-09-16 09:46:00,228.5,230.85,222.0,225.15,4128.0
2026-09-16 09:47:00,224.45,237.4,222.45,234.0,5106.0
2026-09-16 09:48:00,233.45,234.25,224.3,229.2,2951.0
2026-09-16 09:49:00,228.7,229.1,215.3,217.95,4548.0
2026-09-16 09:50:00,217.85,218.3,202.95,212.2,6684.0
2026-09-16 09:51:00,212.75,218.65,208.85,210.0,4482.0
2026-09-16 09:52:00,209.25,209.75,190.0,195.2,7246.0
2026-09-16 09:53:00,195.1,205.4,193.85,195.05,5380.0
2026-09-16 09:54:00,195.0,195.6,182.0,182.6,6776.0
2026-09-16 09:55:00,182.6,186.95,176.0,177.35,10615.0
2026-09-16 09:56:00,177.3,183.3,171.8,180.45,6830.0
2026-09-16 09:57:00,180.2,183.65,175.15,182.0,4533.0
2026-09-16 09:58:00,182.3,191.3,181.75,189.25,8052.0
2026-09-16 09:59:00,189.7,189.75,177.6,177.6,4889.0
2026-09-16 10:00:00,177.6,187.85,177.2,181.2,4556.0
2026-09-16 10:01:00,181.2,190.95,178.65,188.85,4264.0
2026-09-16 10:02:00,188.7,193.8,184.5,190.2,5660.0
2026-09-16 10:03:00,190.65,191.6,184.45,191.05,2860.0
2026-09-16 10:04:00,190.45,197.5,190.05,197.5,5440.0
2026-09-16 10:05:00,197.55,208.3,196.7,207.2,8861.0
2026-09-16 10:06:00,206.95,209.9,201.5,201.9,6985.0
2026-09-16 10:07:00,202.1,208.0,194.2,194.6,4324.0
2026-09-16 10:08:00,194.45,207.4,193.55,205.0,4108.0
2026-09-16 10:09:00,205.15,207.0,199.65,203.0,2561.0
2026-09-16 10:10:00,203.0,206.0,198.9,204.45,1661.0
2026-09-16 10:11:00,204.05,208.0,197.0,199.0,3308.0
2026-09-16 10:12:00,198.95,200.0,189.5,192.45,3885.0
2026-09-16 10:13:00,192.35,206.4,192.0,205.6,3975.0
2026-09-16 10:14:00,205.55,208.7,201.7,206.9,3770.0
2026-09-16 10:15:00,206.0,210.0,199.4,201.6,3903.0
2026-09-16 10:16:00,201.55,202.4,194.95,197.35,2331.0
2026-09-16 10:17:00,196.6,197.1,184.15,189.1,5385.0
2026-09-16 10:18:00,189.15,193.85,185.6,192.2,3203.0
2026-09-16 10:19:00,191.8,199.05,189.0,197.0,3065.0
2026-09-16 10:20:00,197.45,197.5,191.4,194.5,1671.0
2026-09-16 10:21:00,194.95,199.9,192.8,196.1,2190.0
2026-09-16 10:22:00,196.15,196.15,189.45,191.05,2389.0
2026-09-16 10:23:00,191.35,191.9,184.5,185.0,2821.0
2026-09-16 10:24:00,185.0,191.85,181.45,186.55,4409.0
2026-09-16 10:25:00,187.3,189.6,182.55,183.6,2098.0
2026-09-16 10:26:00,183.75,188.6,178.4,188.0,5298.0
2026-09-16 10:27:00,188.25,188.6,184.3,186.5,2103.0
2026-09-16 10:28:00,186.4,187.5,181.4,182.75,2399.0
2026-09-16 10:29:00,182.45,184.95,180.0,183.95,1775.0
2026-09-16 10:30:00,183.55,184.9,177.5,182.95,3100.0
2026-09-16 10:31:00,183.25,188.65,182.35,185.4,3273.0
2026-09-16 10:32:00,185.8,185.95,178.4,181.35,2414.0
2026-09-16 10:33:00,181.15,184.9,179.95,181.0,2168.0
2026-09-16 10:34:00,180.4,182.1,173.35,177.6,4915.0
2026-09-16 10:35:00,177.6,179.35,174.5,179.25,2779.0
2026-09-16 10:36:00,178.6,181.75,175.8,178.8,2987.0
2026-09-16 10:37:00,178.85,187.0,178.2,185.15,5652.0
2026-09-16 10:38:00,185.35,185.85,179.0,183.05,3110.0
2026-09-16 10:39:00,183.55,184.0,179.55,181.4,1381.0
2026-09-16 10:40:00,181.4,181.8,176.3,177.8,2497.0
2026-09-16 10:41:00,177.35,179.8,175.9,178.5,1894.0
2026-09-16 10:42:00,178.95,181.35,178.2,180.4,1888.0
2026-09-16 10:43:00,180.4,182.3,173.4,175.2,4136.0
2026-09-16 10:44:00,175.15,178.75,173.4,174.3,2401.0
2026-09-16 10:45:00,174.2,177.45,169.0,176.7,6832.0
2026-09-16 10:46:00,176.95,178.0,172.2,176.55,2663.0
2026-09-16 10:47:00,176.0,177.5,173.6,176.95,2155.0
2026-09-16 10:48:00,176.45,176.45,167.5,169.3,4358.0
2026-09-16 10:49:00,169.15,170.15,163.0,167.55,6038.0
2026-09-16 10:50:00,167.15,176.0,165.75,174.5,6587.0
2026-09-16 10:51:00,175.0,175.55,169.55,171.5,3136.0
2026-09-16 10:52:00,171.6,172.1,165.0,168.7,3437.0
2026-09-16 10:53:00,167.95,174.1,164.65,173.35,3643.0
2026-09-16 10:54:00,172.8,175.7,170.0,175.25,3906.0
2026-09-16 10:55:00,175.2,182.0,173.95,181.6,8599.0
2026-09-16 10:56:00,181.95,181.95,176.5,177.05,4502.0
2026-09-16 10:57:00,177.1,178.0,175.5,175.8,2074.0
2026-09-16 10:58:00,176.25,180.25,175.65,177.3,2238.0
2026-09-16 10:59:00,177.25,177.85,175.0,175.0,1436.0
2026-09-16 11:00:00,175.15,176.7,170.6,170.8,3794.0
2026-09-16 11:01:00,170.75,172.85,168.0,170.5,4624.0
2026-09-16 11:02:00,170.25,170.8,164.0,166.25,3931.0
2026-09-16 11:03:00,166.6,166.6,160.0,161.9,7114.0
2026-09-16 11:04:00,162.35,166.0,160.65,165.8,5816.0
2026-09-16 11:05:00,165.65,170.2,165.0,167.4,6020.0
2026-09-16 11:06:00,167.95,171.9,166.9,171.3,3320.0
2026-09-16 11:07:00,171.1,176.0,169.0,174.6,6505.0
2026-09-16 11:08:00,174.1,175.9,170.65,171.3,3876.0
2026-09-16 11:09:00,171.4,174.0,170.3,173.45,2080.0
2026-09-16 11:10:00,173.0,174.15,169.3,170.75,3592.0
2026-09-16 11:11:00,170.65,172.9,167.0,171.45,3032.0
2026-09-16 11:12:00,171.3,171.35,167.65,169.4,1941.0
2026-09-16 11:13:00,169.4,173.9,168.8,173.2,2503.0
2026-09-16 11:14:00,173.6,177.65,172.55,175.35,6614.0
2026-09-16 11:15:00,175.95,176.0,170.35,170.75,4054.0
2026-09-16 11:16:00,170.95,171.2,166.7,168.85,4225.0
2026-09-16 11:17:00,168.9,172.45,168.0,171.75,2261.0
2026-09-16 11:18:00,171.5,174.45,168.6,172.5,3057.0
2026-09-16 11:19:00,173.0,178.2,172.5,178.05,4835.0
2026-09-16 11:20:00,178.1,183.0,177.6,180.85,10164.0
2026-09-16 11:21:00,180.9,186.0,180.25,182.4,8355.0
2026-09-16 11:22:00,182.5,183.9,175.3,176.0,6057.0
2026-09-16 11:23:00,176.2,176.2,169.75,174.7,5867.0
2026-09-16 11:24:00,174.65,181.65,174.0,180.3,4667.0
2026-09-16 11:25:00,180.35,185.4,179.45,185.05,5693.0
2026-09-16 11:26:00,184.7,188.5,183.9,186.9,6024.0
2026-09-16 11:27:00,186.95,190.95,184.5,186.95,7484.0
2026-09-16 11:28:00,186.9,190.1,182.1,188.45,6189.0
2026-09-16 11:29:00,188.45,194.4,187.2,193.35,7145.0
2026-09-16 11:30:00,193.1,193.65,186.0,187.7,5565.0
2026-09-16 11:31:00,187.95,190.65,185.0,187.0,3564.0
2026-09-16 11:32:00,187.3,188.95,182.95,185.15,3091.0
2026-09-16 11:33:00,184.65,188.5,183.0,187.0,3569.0
2026-09-16 11:34:00,187.25,191.45,185.85,190.0,2980.0
2026-09-16 11:35:00,190.0,191.0,187.15,188.35,3326.0
2026-09-16 11:36:00,188.45,192.7,188.45,191.55,3689.0
2026-09-16 11:37:00,191.15,194.0,186.0,186.45,5288.0
2026-09-16 11:38:00,186.3,186.35,176.3,183.4,9070.0
2026-09-16 11:39:00,183.8,186.75,182.05,184.4,2422.0
2026-09-16 11:40:00,185.0,188.2,181.0,182.25,3302.0
2026-09-16 11:41:00,182.15,187.75,182.15,186.4,1577.0
2026-09-16 11:42:00,186.55,188.55,184.2,186.6,1739.0
2026-09-16 11:43:00,186.55,186.9,182.5,185.0,1341.0
2026-09-16 11:44:00,184.8,187.65,184.0,186.5,958.0
2026-09-16 11:45:00,186.2,190.9,184.85,189.4,2798.0
2026-09-16 11:46:00,189.55,191.0,187.2,188.5,3102.0
2026-09-16 11:47:00,188.4,191.7,188.1,190.05,3812.0
2026-09-16 11:48:00,190.5,191.5,188.0,188.75,3104.0
2026-09-16 11:49:00,188.35,189.1,185.5,187.4,2156.0
2026-09-16 11:50:00,187.55,189.0,178.4,182.1,5012.0
2026-09-16 11:51:00,182.2,185.25,180.1,183.05,1697.0
2026-09-16 11:52:00,182.65,188.85,180.8,188.85,2487.0
2026-09-16 11:53:00,188.7,191.85,187.65,189.25,3592.0
2026-09-16 11:54:00,189.05,190.2,186.75,190.0,1769.0
2026-09-16 11:55:00,189.7,191.45,188.15,190.45,2426.0
2026-09-16 11:56:00,190.15,196.95,189.65,194.3,8619.0
2026-09-16 11:57:00,194.8,196.6,192.45,195.5,4728.0
2026-09-16 11:58:00,195.3,197.7,193.35,195.6,3578.0
2026-09-16 11:59:00,195.75,196.95,194.0,196.65,2072.0
2026-09-16 12:00:00,196.7,197.35,191.4,194.4,3521.0
2026-09-16 12:01:00,194.05,196.0,192.35,194.5,1287.0
2026-09-16 12:02:00,195.0,201.95,194.8,196.35,7609.0
2026-09-16 12:03:00,196.5,203.0,195.3,199.0,4669.0
2026-09-16 12:04:00,199.75,199.8,194.1,195.9,2469.0
2026-09-16 12:05:00,195.5,196.3,191.0,192.75,2643.0
2026-09-16 12:06:00,192.65,193.25,188.6,190.5,4521.0
2026-09-16 12:07:00,190.85,191.25,184.55,186.8,4181.0
2026-09-16 12:08:00,186.5,191.0,185.15,190.5,2258.0
2026-09-16 12:09:00,190.8,192.7,188.6,190.55,2908.0
2026-09-16 12:10:00,190.35,190.5,184.3,185.4,3265.0
2026-09-16 12:11:00,185.9,188.9,182.6,187.2,2982.0
2026-09-16 12:12:00,187.4,187.5,182.75,186.35,2523.0
2026-09-16 12:13:00,186.15,187.0,177.0,178.0,4529.0
2026-09-16 12:14:00,177.85,184.55,177.05,184.0,2990.0
2026-09-16 12:15:00,183.85,188.0,183.7,186.7,3794.0
2026-09-16 12:16:00,187.1,188.6,180.3,181.2,3624.0
2026-09-16 12:17:00,181.1,181.9,173.6,179.55,5683.0
2026-09-16 12:18:00,179.3,183.65,178.2,179.15,2620.0
2026-09-16 12:19:00,179.85,181.05,177.45,180.8,1551.0
2026-09-16 12:20:00,180.4,185.0,179.75,184.35,2488.0
2026-09-16 12:21:00,184.5,184.6,179.9,180.15,1361.0
2026-09-16 12:22:00,180.5,182.1,178.9,179.05,926.0
2026-09-16 12:23:00,179.5,179.8,176.85,178.5,1678.0
2026-09-16 12:24:00,178.9,181.3,178.0,179.6,1522.0
2026-09-16 12:25:00,179.45,181.8,177.95,179.95,1044.0
2026-09-16 12:26:00,180.15,183.2,179.55,182.8,1151.0
2026-09-16 12:27:00,182.95,185.75,181.7,184.2,2580.0
2026-09-16 12:28:00,184.3,185.7,180.4,180.8,2397.0
2026-09-16 12:29:00,180.35,182.1,178.5,180.7,1416.0
2026-09-16 12:30:00,180.8,182.0,179.45,180.15,863.0
2026-09-16 12:31:00,180.55,180.55,172.05,173.55,4344.0
2026-09-16 12:32:00,173.9,174.8,171.05,173.25,2916.0
2026-09-16 12:33:00,173.6,173.75,163.4,169.2,8216.0
2026-09-16 12:34:00,169.15,173.0,167.0,171.55,4491.0
2026-09-16 12:35:00,171.65,172.0,168.3,170.25,3123.0
2026-09-16 12:36:00,170.4,176.55,170.15,174.65,4709.0
2026-09-16 12:37:00,174.3,177.0,173.75,174.35,2999.0
2026-09-16 12:38:00,174.65,175.5,171.6,173.0,1740.0
2026-09-16 12:39:00,173.0,176.0,172.0,175.35,1197.0
2026-09-16 12:40:00,175.2,175.9,172.0,173.55,1349.0
2026-09-16 12:41:00,173.25,174.5,171.6,174.3,1191.0
2026-09-16 12:42:00,174.3,174.45,172.5,173.15,834.0
2026-09-16 12:43:00,173.15,173.15,165.0,168.0,5656.0
2026-09-16 12:44:00,167.95,167.95,165.25,166.6,2374.0
2026-09-16 12:45:00,166.45,169.3,166.0,168.65,3031.0
2026-09-16 12:46:00,168.5,171.25,168.05,169.15,3405.0
2026-09-16 12:47:00,169.1,169.1,166.15,167.1,1597.0
2026-09-16 12:48:00,167.1,171.0,166.0,169.3,1976.0
2026-09-16 12:49:00,169.5,170.3,167.55,170.15,1515.0
2026-09-16 12:50:00,169.9,171.5,169.05,170.6,1751.0
2026-09-16 12:51:00,170.4,171.9,169.65,171.3,1342.0
2026-09-16 12:52:00,171.3,172.35,170.0,171.0,1615.0
2026-09-16 12:53:00,171.0,171.25,167.25,168.6,1924.0
2026-09-16 12:54:00,168.25,169.7,167.0,169.5,1100.0
2026-09-16 12:55:00,169.25,170.9,168.0,169.6,1533.0
2026-09-16 12:56:00,169.55,169.65,164.45,168.35,3231.0
2026-09-16 12:57:00,168.05,169.8,165.95,167.0,1080.0
2026-09-16 12:58:00,167.0,170.45,166.15,170.45,2302.0
2026-09-16 12:59:00,170.25,173.55,169.1,172.25,2158.0
2026-09-16 13:00:00,172.4,172.9,168.2,169.5,2502.0
2026-09-16 13:01:00,169.7,172.0,166.5,170.25,2999.0
2026-09-16 13:02:00,170.6,170.85,169.3,170.5,856.0
2026-09-16 13:03:00,170.9,172.75,170.0,171.8,2008.0
2026-09-16 13:04:00,171.8,171.8,166.0,166.0,1634.0
2026-09-16 13:05:00,166.0,168.2,164.35,166.15,4312.0
2026-09-16 13:06:00,165.9,166.6,161.8,162.5,4042.0
2026-09-16 13:07:00,162.05,162.65,158.1,159.2,6755.0
2026-09-16 13:08:00,159.25,159.65,153.0,154.6,8568.0
2026-09-16 13:09:00,154.55,158.8,146.4,155.8,14550.0
2026-09-16 13:10:00,155.65,156.75,153.6,156.25,5328.0
2026-09-16 13:11:00,156.6,160.0,153.85,159.6,5740.0
2026-09-16 13:12:00,159.5,162.0,158.0,160.3,8567.0
2026-09-16 13:13:00,160.5,162.0,158.8,160.85,4195.0
2026-09-16 13:14:00,161.4,163.35,160.15,162.5,5736.0
2026-09-16 13:15:00,162.75,164.15,161.6,161.6,5733.0
2026-09-16 13:16:00,161.65,163.2,158.7,163.2,4536.0
2026-09-16 13:17:00,162.95,164.0,158.05,158.65,3799.0
2026-09-16 13:18:00,158.2,158.45,155.1,157.0,4438.0
2026-09-16 13:19:00,156.8,157.0,152.5,155.9,4305.0
2026-09-16 13:20:00,155.7,159.95,155.65,158.8,3793.0
2026-09-16 13:21:00,158.6,161.3,157.3,160.25,2275.0
2026-09-16 13:22:00,160.0,162.0,158.75,159.85,2879.0
2026-09-16 13:23:00,160.15,165.9,159.35,165.8,4456.0
2026-09-16 13:24:00,165.8,168.5,163.55,166.5,9129.0
2026-09-16 13:25:00,167.0,169.7,164.95,167.65,5853.0
2026-09-16 13:26:00,167.85,171.25,166.0,170.25,7113.0
2026-09-16 13:27:00,169.9,174.7,169.15,174.7,6992.0
2026-09-16 13:28:00,174.4,181.0,173.45,179.7,12511.0
2026-09-16 13:29:00,180.0,185.0,177.5,184.05,8481.0
2026-09-16 13:30:00,184.45,184.7,179.25,179.9,7644.0
2026-09-16 13:31:00,180.3,181.35,176.0,177.85,5645.0
2026-09-16 13:32:00,178.3,180.95,177.0,180.5,2103.0
2026-09-16 13:33:00,180.75,183.45,179.05,182.35,3904.0
2026-09-16 13:34:00,182.75,185.0,179.1,180.35,4511.0
2026-09-16 13:35:00,180.8,181.15,176.45,178.6,3920.0
2026-09-16 13:36:00,178.6,184.4,177.4,181.3,3235.0
2026-09-16 13:37:00,181.3,186.35,180.6,184.55,4729.0
2026-09-16 13:38:00,184.05,192.0,182.2,183.65,7411.0
2026-09-16 13:39:00,183.55,190.0,182.95,188.0,3725.0
2026-09-16 13:40:00,188.0,195.95,187.55,191.85,7283.0
2026-09-16 13:41:00,191.7,192.5,187.35,188.8,5156.0
2026-09-16 13:42:00,188.95,193.3,188.0,192.3,3391.0
2026-09-16 13:43:00,191.3,194.2,190.15,192.2,2930.0
2026-09-16 13:44:00,192.25,195.9,191.55,193.7,4725.0
2026-09-16 13:45:00,194.1,194.95,185.35,190.1,6051.0
2026-09-16 13:46:00,189.75,194.5,189.25,191.05,3351.0
2026-09-16 13:47:00,190.7,191.0,186.05,186.1,2485.0
2026-09-16 13:48:00,186.15,191.75,185.55,191.65,2443.0
2026-09-16 13:49:00,191.45,193.0,185.4,188.9,3409.0
2026-09-16 13:50:00,188.85,191.65,186.5,189.3,1577.0
2026-09-16 13:51:00,189.0,191.85,183.7,186.15,3654.0
2026-09-16 13:52:00,185.85,189.7,184.8,186.75,2204.0
2026-09-16 13:53:00,187.1,188.1,183.55,185.75,2212.0
2026-09-16 13:54:00,185.55,186.3,182.1,186.25,4070.0
2026-09-16 13:55:00,186.0,188.4,185.5,186.45,2027.0
2026-09-16 13:56:00,186.9,188.45,185.15,185.2,1526.0
2026-09-16 13:57:00,185.0,187.3,184.8,186.05,1093.0
2026-09-16 13:58:00,186.1,189.8,184.0,188.4,1640.0
2026-09-16 13:59:00,188.75,189.6,184.65,185.85,2047.0
2026-09-16 14:00:00,185.85,187.7,178.35,179.75,5548.0
2026-09-16 14:01:00,179.7,181.85,174.05,177.1,5517.0
2026-09-16 14:02:00,176.95,179.5,173.05,176.95,3562.0
2026-09-16 14:03:00,177.4,179.5,173.2,178.85,2550.0
2026-09-16 14:04:00,179.0,179.5,176.1,178.2,1315.0
2026-09-16 14:05:00,178.2,179.7,175.1,177.95,1880.0
2026-09-16 14:06:00,178.75,181.45,178.25,179.95,1890.0
2026-09-16 14:07:00,180.25,184.4,180.2,183.85,3777.0
2026-09-16 14:08:00,183.8,188.25,182.2,186.15,4200.0
2026-09-16 14:09:00,186.5,187.55,184.5,186.5,2209.0
2026-09-16 14:10:00,186.05,189.0,183.6,184.3,2803.0
2026-09-16 14:11:00,184.3,185.4,182.05,183.3,1858.0
2026-09-16 14:12:00,183.2,184.75,179.85,180.3,3172.0
2026-09-16 14:13:00,179.9,180.4,175.4,177.95,3698.0
2026-09-16 14:14:00,177.8,178.9,174.4,174.8,2303.0
2026-09-16 14:15:00,174.45,177.4,172.0,175.3,3683.0
2026-09-16 14:16:00,175.35,176.35,172.0,173.3,2201.0
2026-09-16 14:17:00,173.65,173.8,169.1,172.2,3970.0
2026-09-16 14:18:00,172.55,174.3,169.65,174.3,1487.0
2026-09-16 14:19:00,174.3,182.35,173.5,181.7,4512.0
2026-09-16 14:20:00,182.0,182.6,178.45,182.3,4439.0
2026-09-16 14:21:00,182.0,182.7,178.6,179.9,1896.0
2026-09-16 14:22:00,180.55,181.0,174.5,176.15,2443.0
2026-09-16 14:23:00,176.05,177.4,173.55,176.85,2005.0
2026-09-16 14:24:00,176.2,179.1,175.8,177.4,1473.0
2026-09-16 14:25:00,177.8,179.8,177.15,178.8,1602.0
2026-09-16 14:26:00,178.85,181.85,177.25,181.85,1367.0
2026-09-16 14:27:00,181.25,183.3,180.05,181.75,2353.0
2026-09-16 14:28:00,181.75,186.0,180.7,182.8,4126.0
2026-09-16 14:29:00,182.35,182.85,176.25,179.95,3576.0
2026-09-16 14:30:00,180.0,184.0,178.1,184.0,2060.0
2026-09-16 14:31:00,184.0,185.75,180.9,184.05,3038.0
2026-09-16 14:32:00,184.1,184.8,181.05,181.75,1741.0
2026-09-16 14:33:00,182.05,185.15,180.25,183.65,2611.0
2026-09-16 14:34:00,183.95,185.75,181.6,182.35,1556.0
2026-09-16 14:35:00,181.9,184.4,178.95,180.85,1946.0
2026-09-16 14:36:00,180.5,183.7,177.0,183.65,1959.0
2026-09-16 14:37:00,183.2,187.0,182.65,184.3,3534.0
2026-09-16 14:38:00,184.45,188.8,183.65,185.35,4751.0
2026-09-16 14:39:00,185.3,186.15,182.15,183.35,2438.0
2026-09-16 14:40:00,183.5,184.5,180.45,180.9,2012.0
2026-09-16 14:41:00,180.5,184.0,178.8,181.7,1881.0
2026-09-16 14:42:00,181.35,186.9,180.4,185.95,2538.0
2026-09-16 14:43:00,185.95,186.8,183.35,184.25,1601.0
2026-09-16 14:44:00,184.55,184.6,179.0,181.65,2403.0
2026-09-16 14:45:00,181.15,182.0,178.0,180.25,3237.0
2026-09-16 14:46:00,179.85,180.4,175.6,180.0,3460.0
2026-09-16 14:47:00,180.3,181.3,178.1,178.2,1306.0
2026-09-16 14:48:00,178.05,184.0,176.3,183.15,3093.0
2026-09-16 14:49:00,182.85,183.75,178.65,180.15,2570.0
2026-09-16 14:50:00,180.2,181.9,176.6,177.25,1511.0
2026-09-16 14:51:00,177.25,181.55,175.5,181.5,2645.0
2026-09-16 14:52:00,181.2,183.0,179.0,180.45,2083.0
2026-09-16 14:53:00,180.7,182.0,178.8,181.4,1083.0
2026-09-16 14:54:00,181.3,184.25,180.2,181.8,1812.0
2026-09-16 14:55:00,181.95,182.65,177.5,179.2,1851.0
2026-09-16 14:56:00,179.1,179.7,171.3,174.65,5492.0
2026-09-16 14:57:00,174.55,174.9,167.0,173.2,5138.0
2026-09-16 14:58:00,173.35,180.75,172.9,178.5,5063.0
2026-09-16 14:59:00,179.15,185.45,177.9,183.4,5207.0
2026-09-16 15:00:00,184.0,192.35,184.0,188.5,10521.0
2026-09-16 15:01:00,188.5,188.7,182.45,184.9,4503.0
2026-09-16 15:02:00,184.9,185.5,178.8,182.5,3746.0
2026-09-16 15:03:00,182.5,185.0,181.6,183.9,2026.0
2026-09-16 15:04:00,183.9,185.9,180.6,184.0,2202.0
2026-09-16 15:05:00,183.6,186.7,182.6,186.55,1982.0
2026-09-16 15:06:00,186.6,188.5,184.0,185.0,3387.0
2026-09-16 15:07:00,185.35,185.5,179.4,181.8,3478.0
2026-09-16 15:08:00,182.05,184.4,181.7,184.0,1294.0
2026-09-16 15:09:00,184.0,185.5,181.5,183.3,1648.0
2026-09-16 15:10:00,183.25,184.5,179.75,183.0,2593.0
2026-09-16 15:11:00,183.3,186.0,182.85,185.6,1842.0
2026-09-16 15:12:00,185.4,187.9,183.25,186.95,3047.0
2026-09-16 15:13:00,186.6,187.0,183.55,184.95,1842.0
2026-09-16 15:14:00,185.05,187.0,183.0,183.95,2239.0
2026-09-16 15:15:00,184.45,185.3,174.0,181.4,5271.0
2026-09-16 15:16:00,181.3,182.45,175.15,179.3,2465.0
2026-09-16 15:17:00,179.4,182.0,178.6,181.0,1092.0
2026-09-16 15:18:00,181.0,184.5,180.7,183.2,1998.0
2026-09-16 15:19:00,183.45,184.0,180.9,184.0,1136.0
2026-09-16 15:20:00,183.7,185.35,175.15,179.2,5361.0
2026-09-16 15:21:00,179.15,181.1,176.25,178.8,2238.0
2026-09-16 15:22:00,178.7,180.7,173.8,178.5,2909.0
2026-09-16 15:23:00,178.15,179.7,175.7,177.3,1101.0
2026-09-16 15:24:00,177.3,179.3,176.5,178.4,1441.0
2026-09-16 15:25:00,178.0,179.9,176.3,179.9,1362.0
2026-09-16 15:26:00,179.7,181.0,176.1,179.45,4120.0
2026-09-16 15:27:00,179.55,180.3,178.0,179.45,1305.0
2026-09-16 15:28:00,178.95,181.6,177.15,181.45,1618.0
2026-09-16 15:29:00,181.35,182.35,177.5,178.1,3424.0
2026-09-17 09:15:00,170.0,192.85,145.3,163.7,15578.0
2026-09-17 09:16:00,163.55,168.6,154.25,157.75,12315.0
2026-09-17 09:17:00,157.45,159.95,149.4,150.6,8094.0
2026-09-17 09:18:00,150.4,152.75,144.0,146.5,9154.0
2026-09-17 09:19:00,146.15,147.4,140.6,146.25,9476.0
2026-09-17 09:20:00,146.0,149.9,139.1,145.65,12723.0
2026-09-17 09:21:00,146.0,151.85,142.0,147.2,8460.0
2026-09-17 09:22:00,147.55,153.65,145.95,153.1,9077.0
2026-09-17 09:23:00,153.15,155.9,150.65,155.0,8964.0
2026-09-17 09:24:00,155.0,159.4,153.65,158.75,8937.0
2026-09-17 09:25:00,159.25,161.25,153.8,157.7,9670.0
2026-09-17 09:26:00,157.6,158.65,152.85,154.1,4916.0
2026-09-17 09:27:00,153.65,157.85,147.5,148.3,7000.0
2026-09-17 09:28:00,147.95,148.7,141.65,144.35,8188.0
2026-09-17 09:29:00,144.3,151.45,143.35,146.0,7185.0
2026-09-17 09:30:00,146.0,148.55,142.0,144.35,7225.0
2026-09-17 09:31:00,144.35,146.0,137.55,138.65,10531.0
2026-09-17 09:32:00,138.65,141.5,129.5,131.9,14673.0
2026-09-17 09:33:00,131.6,134.6,125.65,134.3,16009.0
2026-09-17 09:34:00,134.1,135.9,130.0,132.0,10525.0
2026-09-17 09:35:00,131.85,131.95,120.25,123.45,14103.0
2026-09-17 09:36:00,123.2,128.2,122.0,127.8,11598.0
2026-09-17 09:37:00,127.7,129.45,122.0,127.1,8765.0
2026-09-17 09:38:00,126.9,132.0,125.55,131.8,11816.0
2026-09-17 09:39:00,131.95,136.8,131.35,136.45,20504.0
2026-09-17 09:40:00,136.05,141.0,134.85,137.1,16856.0
2026-09-17 09:41:00,137.15,144.85,136.6,144.5,17578.0
2026-09-17 09:42:00,144.55,157.35,144.35,156.1,25083.0
2026-09-17 09:43:00,155.75,160.6,148.6,151.2,27463.0
2026-09-17 09:44:00,151.15,158.35,148.2,149.7,11119.0
2026-09-17 09:45:00,149.9,154.35,144.0,151.9,13143.0
2026-09-17 09:46:00,152.15,154.3,148.6,149.05,8169.0
2026-09-17 09:47:00,149.45,150.1,142.6,145.4,6997.0
2026-09-17 09:48:00,145.5,148.0,139.5,141.35,10063.0
2026-09-17 09:49:00,141.25,141.85,136.05,140.8,7727.0
2026-09-17 09:50:00,140.9,144.9,139.9,140.55,5945.0
2026-09-17 09:51:00,140.35,140.7,136.6,136.8,4665.0
2026-09-17 09:52:00,137.0,139.0,130.2,133.65,9486.0
2026-09-17 09:53:00,133.8,136.6,132.0,133.6,5308.0
2026-09-17 09:54:00,133.75,134.0,128.2,131.15,8216.0
2026-09-17 09:55:00,130.85,133.45,127.25,130.5,7249.0
2026-09-17 09:56:00,130.0,135.0,129.7,133.0,11917.0
2026-09-17 09:57:00,132.75,135.0,128.5,129.65,7933.0
2026-09-17 09:58:00,129.7,131.1,127.0,130.3,5902.0
2026-09-17 09:59:00,130.15,131.0,127.0,129.6,3931.0
2026-09-17 10:00:00,129.6,133.5,128.3,130.75,7433.0
2026-09-17 10:01:00,130.5,131.0,126.55,128.15,4896.0
2026-09-17 10:02:00,128.0,128.55,124.2,124.9,7314.0
2026-09-17 10:03:00,124.95,128.95,122.85,126.5,7815.0
2026-09-17 10:04:00,126.3,127.35,124.4,125.3,3999.0
2026-09-17 10:05:00,125.3,125.5,115.15,120.75,20804.0
2026-09-17 10:06:00,120.55,121.15,115.15,118.2,10695.0
2026-09-17 10:07:00,118.2,121.6,117.75,119.35,9999.0
2026-09-17 10:08:00,119.35,120.5,116.4,118.25,4902.0
2026-09-17 10:09:00,118.0,119.85,116.6,116.7,5593.0
2026-09-17 10:10:00,116.8,118.5,113.55,113.65,9974.0
2026-09-17 10:11:00,113.65,116.2,110.5,112.4,11985.0
2026-09-17 10:12:00,112.15,113.7,110.5,113.25,7900.0
2026-09-17 10:13:00,113.55,115.0,110.85,113.2,9593.0
2026-09-17 10:14:00,113.35,115.65,113.15,115.0,8448.0
2026-09-17 10:15:00,115.0,115.7,111.1,115.6,10011.0
2026-09-17 10:16:00,115.4,116.8,114.0,115.2,10252.0
2026-09-17 10:17:00,115.3,118.45,114.9,118.15,8830.0
2026-09-17 10:18:00,118.45,119.7,116.8,118.45,11531.0
2026-09-17 10:19:00,118.1,120.0,117.1,119.4,8092.0
2026-09-17 10:20:00,119.8,121.4,117.35,118.05,12485.0
2026-09-17 10:21:00,117.75,119.9,116.0,119.5,6730.0
2026-09-17 10:22:00,119.55,121.45,118.7,120.55,8986.0
2026-09-17 10:23:00,120.8,123.9,120.45,123.5,11552.0
2026-09-17 10:24:00,123.35,124.0,121.5,123.9,8173.0
2026-09-17 10:25:00,123.65,125.5,122.35,124.2,9317.0
2026-09-17 10:26:00,123.9,125.9,123.2,123.6,7203.0
2026-09-17 10:27:00,123.7,124.2,120.85,123.3,7693.0
2026-09-17 10:28:00,123.2,125.0,121.6,124.4,3292.0
2026-09-17 10:29:00,124.0,125.35,120.6,122.0,4387.0
2026-09-17 10:30:00,122.1,124.0,120.7,123.9,4117.0
2026-09-17 10:31:00,123.6,128.9,123.6,127.0,16808.0
2026-09-17 10:32:00,127.4,127.9,124.75,127.75,6677.0
2026-09-17 10:33:00,127.6,129.0,126.95,128.35,7412.0
2026-09-17 10:34:00,128.2,130.8,127.05,129.75,12613.0
2026-09-17 10:35:00,129.75,132.2,123.6,123.7,16117.0
2026-09-17 10:36:00,123.9,126.0,120.05,120.45,11899.0
2026-09-17 10:37:00,120.75,124.65,119.95,124.6,8633.0
2026-09-17 10:38:00,124.4,129.0,124.05,127.95,8367.0
2026-09-17 10:39:00,127.75,129.5,125.55,129.05,4437.0
2026-09-17 10:40:00,129.15,130.8,127.7,130.25,7035.0
2026-09-17 10:41:00,130.2,130.95,128.2,130.25,5114.0
2026-09-17 10:42:00,130.2,135.6,130.15,132.95,15299.0
2026-09-17 10:43:00,133.0,134.5,128.55,132.7,10198.0
2026-09-17 10:44:00,132.9,135.8,131.7,135.0,8605.0
2026-09-17 10:45:00,135.05,139.0,135.05,137.7,14597.0
2026-09-17 10:46:00,137.5,137.85,133.3,134.25,8434.0
2026-09-17 10:47:00,134.05,134.6,131.0,132.5,7929.0
2026-09-17 10:48:00,132.8,136.7,132.15,135.65,5940.0
2026-09-17 10:49:00,135.35,137.0,134.2,135.9,5338.0
2026-09-17 10:50:00,136.35,136.4,132.7,133.65,3822.0
2026-09-17 10:51:00,133.65,136.3,130.85,132.85,6374.0
2026-09-17 10:52:00,132.7,136.45,131.7,135.6,5338.0
2026-09-17 10:53:00,135.55,136.0,132.45,134.95,2891.0
2026-09-17 10:54:00,134.65,136.8,132.85,133.55,3452.0
2026-09-17 10:55:00,133.4,135.0,132.0,132.35,3102.0
2026-09-17 10:56:00,132.5,132.9,129.65,129.75,6130.0
2026-09-17 10:57:00,129.85,130.05,125.6,129.75,10759.0
2026-09-17 10:58:00,129.75,134.0,128.65,133.55,5612.0
2026-09-17 10:59:00,133.6,136.65,132.25,136.6,7017.0
2026-09-17 11:00:00,136.5,141.5,135.85,141.05,16658.0
2026-09-17 11:01:00,141.35,145.0,139.45,141.65,19662.0
2026-09-17 11:02:00,141.65,143.65,139.55,143.45,8047.0
2026-09-17 11:03:00,143.5,155.0,143.45,151.65,27388.0
2026-09-17 11:04:00,151.85,155.85,150.6,154.8,13001.0
2026-09-17 11:05:00,154.8,158.6,154.2,156.45,16274.0
2026-09-17 11:06:00,156.85,168.1,155.2,161.8,22176.0
2026-09-17 11:07:00,161.85,169.5,160.9,168.75,12437.0
2026-09-17 11:08:00,169.0,173.0,164.55,169.55,14396.0
2026-09-17 11:09:00,169.15,171.0,162.7,168.65,9100.0
2026-09-17 11:10:00,168.6,174.6,166.3,173.6,12107.0
2026-09-17 11:11:00,173.5,174.0,166.55,172.0,8036.0
2026-09-17 11:12:00,172.4,172.4,164.65,164.75,4923.0
2026-09-17 11:13:00,164.55,165.6,161.1,161.1,6348.0
2026-09-17 11:14:00,161.35,165.0,156.4,163.9,6573.0
2026-09-17 11:15:00,163.7,164.0,158.45,159.85,4430.0
2026-09-17 11:16:00,159.6,162.6,157.5,159.3,2999.0
2026-09-17 11:17:00,159.45,160.6,151.2,152.55,5357.0
2026-09-17 11:18:00,152.9,153.0,148.25,149.4,4721.0
2026-09-17 11:19:00,149.7,150.65,146.8,147.9,3722.0
2026-09-17 11:20:00,147.45,147.75,143.4,144.65,5391.0
2026-09-17 11:21:00,144.4,146.85,139.45,146.8,7538.0
2026-09-17 11:22:00,146.8,151.7,144.6,150.2,9619.0
2026-09-17 11:23:00,149.9,151.55,145.5,145.6,4249.0
2026-09-17 11:24:00,145.9,147.85,144.6,145.1,1989.0
2026-09-17 11:25:00,145.55,146.75,143.1,144.45,2408.0
2026-09-17 11:26:00,144.6,149.2,143.2,148.4,1890.0
2026-09-17 11:27:00,148.7,152.65,147.6,151.8,5432.0
2026-09-17 11:28:00,151.5,153.9,148.7,149.55,4511.0
2026-09-17 11:29:00,149.6,150.05,145.9,149.05,2419.0
2026-09-17 11:30:00,148.9,154.9,148.1,151.35,6577.0
2026-09-17 11:31:00,151.35,152.7,147.4,147.55,3242.0
2026-09-17 11:32:00,147.5,148.5,141.05,142.5,7047.0
2026-09-17 11:33:00,142.4,147.0,140.55,144.75,4009.0
2026-09-17 11:34:00,145.0,145.7,141.6,143.5,2046.0
2026-09-17 11:35:00,143.35,148.25,143.35,146.1,2598.0
2026-09-17 11:36:00,146.0,146.25,141.5,144.6,1728.0
2026-09-17 11:37:00,144.05,147.35,142.55,143.8,2044.0
2026-09-17 11:38:00,143.75,145.0,141.0,144.1,2127.0
2026-09-17 11:39:00,144.2,145.45,141.05,141.4,1724.0
2026-09-17 11:40:00,141.4,142.1,137.0,138.95,5310.0
2026-09-17 11:41:00,139.25,140.35,135.25,139.05,4859.0
2026-09-17 11:42:00,139.4,139.55,131.7,133.0,5671.0
2026-09-17 11:43:00,133.05,133.8,127.75,131.45,7929.0
2026-09-17 11:44:00,131.15,132.0,126.2,129.3,6409.0
2026-09-17 11:45:00,129.0,133.15,126.35,132.75,6042.0
2026-09-17 11:46:00,132.6,136.5,131.1,136.5,7739.0
2026-09-17 11:47:00,136.0,137.65,131.5,131.75,5957.0
2026-09-17 11:48:00,132.05,133.0,130.25,132.05,2649.0
2026-09-17 11:49:00,132.0,132.6,129.5,129.8,3247.0
2026-09-17 11:50:00,129.75,133.0,128.6,129.05,3674.0
2026-09-17 11:51:00,128.9,128.9,121.7,123.15,9548.0
2026-09-17 11:52:00,123.25,125.0,118.15,120.9,9926.0
2026-09-17 11:53:00,120.8,126.75,120.35,126.35,9962.0
2026-09-17 11:54:00,126.2,126.45,121.7,122.5,5978.0
2026-09-17 11:55:00,122.45,123.45,120.3,122.15,6051.0
2026-09-17 11:56:00,122.15,122.15,116.4,117.7,8912.0
2026-09-17 11:57:00,117.55,118.0,111.4,113.5,15666.0
2026-09-17 11:58:00,113.1,117.0,112.55,113.65,10547.0
2026-09-17 11:59:00,113.8,115.2,110.15,111.15,7938.0
2026-09-17 12:00:00,111.1,113.4,108.05,113.1,18392.0
2026-09-17 12:01:00,113.0,114.5,110.2,113.45,11535.0
2026-09-17 12:02:00,113.4,114.5,111.65,113.35,7982.0
2026-09-17 12:03:00,113.05,115.9,112.5,115.8,9672.0
2026-09-17 12:04:00,115.5,117.0,113.8,114.6,9821.0
2026-09-17 12:05:00,114.6,115.15,112.25,112.3,8990.0
2026-09-17 12:06:00,112.45,112.5,105.35,106.7,18793.0
2026-09-17 12:07:00,106.55,106.65,97.3,100.15,31158.0
2026-09-17 12:08:00,100.45,101.7,98.75,99.65,10823.0
2026-09-17 12:09:00,99.35,100.7,97.3,100.1,9367.0
2026-09-17 12:10:00,100.35,100.7,98.25,99.3,8171.0
2026-09-17 12:11:00,99.35,100.25,95.0,98.55,14945.0
2026-09-17 12:12:00,98.6,99.4,96.2,98.55,8874.0
2026-09-17 12:13:00,98.35,99.5,97.2,97.75,8038.0
2026-09-17 12:14:00,97.6,99.2,96.15,98.25,5943.0
2026-09-17 12:15:00,98.05,100.0,96.5,99.0,7814.0
2026-09-17 12:16:00,99.15,99.4,96.2,97.7,5127.0
2026-09-17 12:17:00,97.9,97.95,94.0,94.75,8621.0
2026-09-17 12:18:00,94.7,95.8,92.5,95.25,8695.0
2026-09-17 12:19:00,95.25,96.2,94.75,95.3,4641.0
2026-09-17 12:20:00,95.45,96.4,94.55,95.05,5634.0
2026-09-17 12:21:00,95.25,96.3,94.25,95.4,3575.0
2026-09-17 12:22:00,95.3,95.5,90.2,91.05,11087.0
2026-09-17 12:23:00,91.0,91.2,88.1,89.2,13866.0
2026-09-17 12:24:00,89.25,92.9,89.0,92.35,8118.0
2026-09-17 12:25:00,92.6,94.05,91.5,93.35,7043.0
2026-09-17 12:26:00,93.35,95.85,93.05,95.5,8723.0
2026-09-17 12:27:00,95.45,96.3,94.0,95.65,8763.0
2026-09-17 12:28:00,95.55,96.7,94.05,95.35,4994.0
2026-09-17 12:29:00,95.1,95.8,93.8,95.75,4081.0
2026-09-17 12:30:00,95.65,97.85,95.0,97.45,5670.0
2026-09-17 12:31:00,97.45,99.0,96.5,97.6,10847.0
2026-09-17 12:32:00,97.4,97.85,95.35,95.6,5308.0
2026-09-17 12:33:00,95.6,96.1,93.5,94.3,6341.0
2026-09-17 12:34:00,94.2,96.1,93.75,95.1,3105.0
2026-09-17 12:35:00,95.05,95.3,92.05,93.4,4586.0
2026-09-17 12:36:00,93.2,93.3,91.15,91.55,4823.0
2026-09-17 12:37:00,91.7,91.75,90.0,90.65,7967.0
2026-09-17 12:38:00,90.65,91.95,89.6,91.0,4848.0
2026-09-17 12:39:00,91.0,92.35,90.65,91.7,3149.0
2026-09-17 12:40:00,91.55,92.6,90.5,91.4,3748.0
2026-09-17 12:41:00,91.1,92.4,90.6,91.55,2643.0
2026-09-17 12:42:00,91.7,92.1,90.4,91.75,2639.0
2026-09-17 12:43:00,91.85,93.5,91.6,93.35,4059.0
2026-09-17 12:44:00,93.45,96.1,93.3,95.65,8033.0
2026-09-17 12:45:00,95.5,96.45,94.5,96.05,5088.0
2026-09-17 12:46:00,96.0,96.85,94.6,95.4,4266.0
2026-09-17 12:47:00,95.4,98.3,94.65,97.5,8223.0
2026-09-17 12:48:00,97.4,98.8,97.05,98.35,8873.0
2026-09-17 12:49:00,98.5,99.8,97.5,99.25,10583.0
2026-09-17 12:50:00,99.4,100.65,97.2,97.3,12795.0
2026-09-17 12:51:00,97.5,99.2,96.2,98.85,5855.0
2026-09-17 12:52:00,98.75,99.25,96.3,98.15,4874.0
2026-09-17 12:53:00,98.0,98.45,95.3,96.05,5162.0
2026-09-17 12:54:00,96.05,96.9,93.75,96.9,8045.0
2026-09-17 12:55:00,96.9,98.8,96.15,97.4,4856.0
2026-09-17 12:56:00,97.3,98.85,95.85,98.15,3029.0
2026-09-17 12:57:00,98.1,99.0,96.9,97.2,4041.0
2026-09-17 12:58:00,97.1,97.5,95.25,97.3,3112.0
2026-09-17 12:59:00,97.3,97.85,96.5,97.35,2319.0
2026-09-17 13:00:00,97.0,97.95,94.8,95.1,3181.0
2026-09-17 13:01:00,94.85,98.9,94.55,98.55,4700.0
2026-09-17 13:02:00,98.7,100.5,97.5,98.6,8588.0
2026-09-17 13:03:00,98.35,99.7,97.1,99.3,3607.0
2026-09-17 13:04:00,99.4,101.65,98.1,100.75,10221.0
2026-09-17 13:05:00,100.95,101.35,99.45,100.45,7208.0
2026-09-17 13:06:00,100.2,102.3,99.55,101.3,9209.0
2026-09-17 13:07:00,101.55,103.0,100.75,101.3,7896.0
2026-09-17 13:08:00,101.55,102.15,100.0,100.45,7204.0
2026-09-17 13:09:00,100.25,101.2,97.85,99.1,6894.0
2026-09-17 13:10:00,99.25,101.2,98.9,100.35,4037.0
2026-09-17 13:11:00,100.45,101.25,99.1,99.8,3332.0
2026-09-17 13:12:00,100.0,100.5,99.05,99.95,3321.0
2026-09-17 13:13:00,99.95,102.45,99.95,101.65,6131.0
2026-09-17 13:14:00,101.8,103.9,100.55,103.0,8802.0
2026-09-17 13:15:00,103.0,104.7,101.35,103.7,12077.0
2026-09-17 13:16:00,103.7,103.9,99.25,99.9,9851.0
2026-09-17 13:17:00,99.95,104.75,99.85,101.85,8699.0
2026-09-17 13:18:00,101.6,103.0,100.3,101.45,5648.0
2026-09-17 13:19:00,101.45,103.05,100.9,103.0,3645.0
2026-09-17 13:20:00,103.0,103.95,101.25,102.15,4913.0
2026-09-17 13:21:00,102.15,102.75,100.0,101.45,4633.0
2026-09-17 13:22:00,101.5,106.0,101.0,105.3,9520.0
2026-09-17 13:23:00,105.55,106.0,103.55,104.3,9485.0
2026-09-17 13:24:00,104.3,107.55,104.0,106.75,10280.0
2026-09-17 13:25:00,106.95,112.0,106.2,111.35,23291.0
2026-09-17 13:26:00,111.65,119.0,111.2,116.7,24148.0
2026-09-17 13:27:00,117.0,125.45,115.8,124.9,41822.0
2026-09-17 13:28:00,124.65,133.8,123.45,129.8,42127.0
2026-09-17 13:29:00,129.8,134.95,128.05,134.7,21747.0
2026-09-17 13:30:00,134.25,142.75,133.15,136.5,32184.0
2026-09-17 13:31:00,136.15,138.7,130.25,133.45,15825.0
2026-09-17 13:32:00,133.6,135.2,129.6,133.35,9609.0
2026-09-17 13:33:00,133.3,139.8,132.3,136.65,11155.0
2026-09-17 13:34:00,136.95,138.8,133.35,137.5,8016.0
2026-09-17 13:35:00,137.5,145.45,137.3,139.55,22983.0
2026-09-17 13:36:00,139.25,145.2,139.2,142.0,12863.0
2026-09-17 13:37:00,142.15,142.9,135.45,138.45,9326.0
2026-09-17 13:38:00,138.65,141.6,137.0,137.0,5957.0
2026-09-17 13:39:00,137.3,138.4,134.0,137.2,7503.0
2026-09-17 13:40:00,137.0,137.4,130.75,132.05,10675.0
2026-09-17 13:41:00,132.6,134.0,126.05,128.95,10927.0
2026-09-17 13:42:00,128.75,132.75,126.0,131.85,7506.0
2026-09-17 13:43:00,131.45,133.9,128.6,130.85,5303.0
2026-09-17 13:44:00,130.7,136.0,129.75,134.7,4944.0
2026-09-17 13:45:00,134.5,134.9,129.15,129.6,4501.0
2026-09-17 13:46:00,129.35,131.1,126.2,128.8,5405.0
2026-09-17 13:47:00,128.6,131.1,124.7,130.6,5946.0
2026-09-17 13:48:00,130.35,135.3,128.4,134.15,4635.0
2026-09-17 13:49:00,134.15,134.25,130.15,132.15,2759.0
2026-09-17 13:50:00,132.0,133.2,130.0,130.15,4735.0
2026-09-17 13:51:00,130.2,132.95,128.6,129.85,2416.0
2026-09-17 13:52:00,129.85,131.85,126.2,131.1,4257.0
2026-09-17 13:53:00,131.1,135.8,130.85,134.6,4689.0
2026-09-17 13:54:00,134.6,135.95,131.0,131.25,6447.0
2026-09-17 13:55:00,131.3,133.0,129.2,129.75,4254.0
2026-09-17 13:56:00,129.75,132.4,129.1,131.15,2091.0
2026-09-17 13:57:00,130.6,132.3,128.85,129.25,2888.0
2026-09-17 13:58:00,129.2,130.9,126.95,130.15,4944.0
2026-09-17 13:59:00,130.0,133.05,127.75,132.25,2937.0
2026-09-17 14:00:00,132.35,134.3,129.15,132.75,4177.0
2026-09-17 14:01:00,132.75,132.95,129.75,130.7,2698.0
2026-09-17 14:02:00,130.8,135.05,130.35,133.8,4453.0
2026-09-17 14:03:00,133.85,135.85,131.25,131.5,3908.0
2026-09-17 14:04:00,131.95,133.6,126.2,128.4,6178.0
2026-09-17 14:05:00,128.45,130.5,127.45,127.9,2396.0
2026-09-17 14:06:00,127.8,132.5,125.25,128.95,4011.0
2026-09-17 14:07:00,128.65,128.65,120.2,123.15,9387.0
2026-09-17 14:08:00,123.05,126.45,121.25,125.55,5205.0
2026-09-17 14:09:00,125.8,125.85,123.0,123.75,3629.0
2026-09-17 14:10:00,123.5,126.0,121.5,125.1,3884.0
2026-09-17 14:11:00,125.3,129.9,125.1,128.6,5929.0
2026-09-17 14:12:00,128.45,129.65,126.7,128.0,3827.0
2026-09-17 14:13:00,128.1,129.0,125.3,125.7,2787.0
2026-09-17 14:14:00,126.05,127.7,124.25,126.85,1969.0
2026-09-17 14:15:00,127.15,128.75,125.9,127.75,3342.0
2026-09-17 14:16:00,127.7,131.65,127.1,130.15,5541.0
2026-09-17 14:17:00,130.25,131.4,127.0,128.1,4985.0
2026-09-17 14:18:00,127.9,128.0,118.0,121.4,10317.0
2026-09-17 14:19:00,121.65,124.55,116.9,124.55,6133.0
2026-09-17 14:20:00,124.5,124.7,119.5,121.65,4230.0
2026-09-17 14:21:00,121.55,121.6,116.0,117.0,4884.0
2026-09-17 14:22:00,117.0,119.8,115.25,116.95,4971.0
2026-09-17 14:23:00,116.9,118.5,116.25,116.4,3559.0
2026-09-17 14:24:00,116.45,120.1,114.4,119.7,5392.0
2026-09-17 14:25:00,120.15,124.05,120.0,123.65,6722.0
2026-09-17 14:26:00,123.9,126.7,123.0,125.55,8592.0
2026-09-17 14:27:00,125.3,128.8,124.35,126.65,5180.0
2026-09-17 14:28:00,126.4,131.2,126.0,129.05,8345.0
2026-09-17 14:29:00,128.75,129.7,121.45,122.9,8361.0
2026-09-17 14:30:00,122.6,126.8,119.5,122.85,8362.0
2026-09-17 14:31:00,122.35,124.0,120.4,122.7,3307.0
2026-09-17 14:32:00,122.75,124.9,122.2,124.9,1929.0
2026-09-17 14:33:00,124.7,127.8,123.6,124.75,3312.0
2026-09-17 14:34:00,125.05,129.0,124.35,127.05,4720.0
2026-09-17 14:35:00,126.9,127.5,119.45,120.3,4365.0
2026-09-17 14:36:00,120.05,121.45,116.2,121.05,10613.0
2026-09-17 14:37:00,121.0,121.9,106.5,111.75,15866.0
2026-09-17 14:38:00,111.8,116.95,110.25,113.6,12539.0
2026-09-17 14:39:00,113.45,113.75,107.1,111.0,9241.0
2026-09-17 14:40:00,110.95,116.4,110.95,113.3,9021.0
2026-09-17 14:41:00,113.6,115.9,112.25,115.55,3546.0
2026-09-17 14:42:00,115.3,121.75,115.25,119.95,9693.0
2026-09-17 14:43:00,119.95,120.55,117.6,119.45,5049.0
2026-09-17 14:44:00,119.25,123.65,119.25,121.7,7557.0
2026-09-17 14:45:00,121.7,122.6,117.0,118.85,7210.0
2026-09-17 14:46:00,118.55,119.9,116.2,116.4,3892.0
2026-09-17 14:47:00,116.65,118.4,113.7,116.5,7015.0
2026-09-17 14:48:00,116.7,116.7,112.3,113.5,5079.0
2026-09-17 14:49:00,113.7,115.25,111.0,114.8,5163.0
2026-09-17 14:50:00,114.85,117.0,113.45,115.35,5795.0
2026-09-17 14:51:00,115.3,117.25,114.75,115.65,3413.0
2026-09-17 14:52:00,115.85,116.85,113.65,115.3,3611.0
2026-09-17 14:53:00,115.2,118.5,114.5,117.3,4518.0
2026-09-17 14:54:00,117.3,118.85,116.35,117.4,3675.0
2026-09-17 14:55:00,117.35,120.45,117.35,119.7,5769.0
2026-09-17 14:56:00,119.5,123.0,118.8,121.5,7878.0
2026-09-17 14:57:00,121.8,123.65,120.75,122.0,7289.0
2026-09-17 14:58:00,122.2,124.7,120.8,121.85,6894.0
2026-09-17 14:59:00,121.85,125.9,121.65,124.65,7578.0
2026-09-17 15:00:00,124.55,127.8,119.4,120.65,14669.0
2026-09-17 15:01:00,120.5,122.05,118.6,121.35,8028.0
2026-09-17 15:02:00,121.85,124.5,117.35,118.05,5785.0
2026-09-17 15:03:00,118.05,119.8,115.45,117.0,6551.0
2026-09-17 15:04:00,117.3,121.5,116.25,120.7,5075.0
2026-09-17 15:05:00,120.6,122.0,115.05,117.9,5026.0
2026-09-17 15:06:00,118.05,118.6,113.05,113.85,6348.0
2026-09-17 15:07:00,114.2,116.55,112.25,115.7,5739.0
2026-09-17 15:08:00,115.65,117.5,113.4,115.45,4234.0
2026-09-17 15:09:00,115.35,117.6,113.6,116.85,4917.0
2026-09-17 15:10:00,116.85,118.6,115.2,117.45,4827.0
2026-09-17 15:11:00,117.7,121.1,117.2,119.45,4381.0
2026-09-17 15:12:00,119.5,120.75,114.85,117.1,5030.0
2026-09-17 15:13:00,117.1,117.45,111.45,113.45,7581.0
2026-09-17 15:14:00,113.6,115.65,108.05,110.95,10591.0
2026-09-17 15:15:00,111.0,113.65,109.1,109.55,6126.0
2026-09-17 15:16:00,109.5,110.75,104.8,106.25,7519.0
2026-09-17 15:17:00,106.4,111.0,105.75,110.5,6325.0
2026-09-17 15:18:00,110.4,114.4,108.65,110.55,6155.0
2026-09-17 15:19:00,110.6,113.45,106.25,110.75,6182.0
2026-09-17 15:20:00,110.65,113.45,107.45,109.05,7744.0
2026-09-17 15:21:00,109.05,111.0,107.4,110.45,4349.0
2026-09-17 15:22:00,110.25,111.9,108.3,111.3,5102.0
2026-09-17 15:23:00,111.1,114.5,110.0,112.5,4340.0
2026-09-17 15:24:00,112.3,113.25,107.4,109.1,6826.0
2026-09-17 15:25:00,109.1,110.0,107.0,109.4,5597.0
2026-09-17 15:26:00,109.4,111.85,108.45,110.05,6211.0
2026-09-17 15:27:00,110.35,112.0,108.35,109.4,7138.0
2026-09-17 15:28:00,109.5,113.0,108.8,111.25,7398.0
2026-09-17 15:29:00,111.25,113.45,110.75,112.6,7618.0
2026-09-17 15:30:00,112.75,113.6,109.35,111.65,8324.0
2026-09-17 15:31:00,111.9,111.95,110.0,111.4,4728.0
2026-09-17 15:32:00,111.7,113.8,111.25,112.7,5318.0
2026-09-17 15:33:00,112.95,113.05,109.8,109.8,6015.0
2026-09-17 15:34:00,110.15,110.55,107.75,108.35,9006.0
2026-09-17 15:35:00,108.4,108.85,103.25,104.7,8470.0
2026-09-17 15:36:00,104.7,105.4,103.05,103.45,3224.0
2026-09-17 15:37:00,103.75,104.0,99.5,99.95,5882.0
2026-09-17 15:38:00,99.9,99.95,98.0,99.0,9042.0
2026-09-17 15:39:00,98.85,103.55,98.7,100.65,7809.0
2026-09-18 09:15:00,88.0,99.0,79.35,90.1,71963.0
2026-09-18 09:16:00,89.75,93.7,83.0,84.95,43903.0
2026-09-18 09:17:00,84.85,89.35,82.65,84.8,29627.0
2026-09-18 09:18:00,85.0,95.45,84.55,94.65,49312.0
2026-09-18 09:19:00,94.4,98.5,92.55,94.65,52499.0
2026-09-18 09:20:00,94.35,102.95,93.75,99.35,67464.0
2026-09-18 09:21:00,99.35,103.4,98.6,100.3,35987.0
2026-09-18 09:22:00,100.2,100.9,94.75,98.5,33489.0
2026-09-18 09:23:00,98.4,99.5,92.0,92.95,29400.0
2026-09-18 09:24:00,92.55,95.3,90.2,93.95,24251.0
2026-09-18 09:25:00,94.15,100.55,93.95,98.85,39300.0
2026-09-18 09:26:00,98.8,102.7,97.25,101.7,32507.0
2026-09-18 09:27:00,101.5,107.95,101.4,107.5,59216.0
2026-09-18 09:28:00,107.5,109.95,105.35,105.95,43801.0
2026-09-18 09:29:00,106.0,110.0,102.55,106.15,31789.0
2026-09-18 09:30:00,106.0,112.0,102.85,110.7,50932.0
2026-09-18 09:31:00,110.75,112.75,105.0,109.0,32311.0
2026-09-18 09:32:00,108.9,111.75,106.7,108.05,29023.0
2026-09-18 09:33:00,108.0,113.45,107.25,109.75,38734.0
2026-09-18 09:34:00,109.85,112.3,108.15,111.55,17960.0
2026-09-18 09:35:00,111.25,113.45,107.1,108.45,37033.0
2026-09-18 09:36:00,108.4,108.6,97.0,99.15,58507.0
2026-09-18 09:37:00,99.1,104.7,98.8,101.2,35679.0
2026-09-18 09:38:00,101.35,102.8,99.35,101.35,16841.0
2026-09-18 09:39:00,101.35,104.3,96.0,97.15,28834.0
2026-09-18 09:40:00,97.15,100.45,96.05,98.25,22045.0
2026-09-18 09:41:00,98.25,101.4,97.0,100.0,15425.0
2026-09-18 09:42:00,99.8,100.1,94.05,97.3,27193.0
2026-09-18 09:43:00,97.45,103.35,96.95,102.55,32991.0
2026-09-18 09:44:00,102.6,105.5,98.2,98.95,34201.0
2026-09-18 09:45:00,98.95,104.0,97.65,102.8,26147.0
2026-09-18 09:46:00,102.95,104.0,98.7,99.45,17219.0
2026-09-18 09:47:00,99.2,102.0,98.2,98.5,10261.0
2026-09-18 09:48:00,98.15,98.8,93.35,96.1,32541.0
2026-09-18 09:49:00,96.1,102.15,94.35,101.0,22227.0
2026-09-18 09:50:00,101.0,102.4,97.6,102.35,19535.0
2026-09-18 09:51:00,102.3,103.5,98.05,99.7,17416.0
2026-09-18 09:52:00,99.6,100.45,95.0,95.1,17155.0
2026-09-18 09:53:00,95.1,97.3,94.1,94.9,17508.0
2026-09-18 09:54:00,94.75,96.45,92.4,92.6,21187.0
2026-09-18 09:55:00,92.55,95.55,89.1,94.7,43626.0
2026-09-18 09:56:00,94.8,96.45,92.3,92.7,27950.0
2026-09-18 09:57:00,92.5,93.0,87.9,91.55,37819.0
2026-09-18 09:58:00,91.8,93.0,89.9,92.4,14441.0
2026-09-18 09:59:00,92.5,92.8,89.0,90.6,14118.0
2026-09-18 10:00:00,90.75,92.45,88.4,89.25,18380.0
2026-09-18 10:01:00,89.1,90.6,88.0,90.35,12314.0
2026-09-18 10:02:00,90.3,92.0,88.2,91.7,13775.0
2026-09-18 10:03:00,91.7,94.8,90.6,94.2,26919.0
2026-09-18 10:04:00,94.25,95.0,92.0,93.8,21441.0
2026-09-18 10:05:00,93.9,95.35,89.3,91.0,24597.0
2026-09-18 10:06:00,91.0,97.0,90.2,96.95,21864.0
2026-09-18 10:07:00,96.75,98.95,93.15,93.85,31891.0
2026-09-18 10:08:00,94.0,94.8,88.75,89.3,21327.0
2026-09-18 10:09:00,89.35,92.9,88.0,90.45,22775.0
2026-09-18 10:10:00,90.45,91.9,88.5,91.55,10397.0
2026-09-18 10:11:00,91.55,91.8,88.9,89.25,8280.0
2026-09-18 10:12:00,89.4,91.35,88.55,90.5,8400.0
2026-09-18 10:13:00,90.45,91.0,85.65,87.8,21362.0
2026-09-18 10:14:00,87.7,89.35,87.05,88.4,11009.0
2026-09-18 10:15:00,88.15,89.25,85.9,88.65,14999.0
2026-09-18 10:16:00,88.8,91.0,88.5,90.85,17208.0
2026-09-18 10:17:00,90.85,91.35,89.25,89.5,11461.0
2026-09-18 10:18:00,89.9,91.3,88.0,90.9,10434.0
2026-09-18 10:19:00,90.95,93.55,90.5,92.5,22111.0
2026-09-18 10:20:00,92.6,93.5,91.05,91.55,13953.0
2026-09-18 10:21:00,91.7,92.35,89.0,89.85,13445.0
2026-09-18 10:22:00,90.0,94.3,90.0,92.25,12052.0
2026-09-18 10:23:00,92.0,94.8,91.05,93.6,14199.0
2026-09-18 10:24:00,93.85,98.85,93.7,97.2,40653.0
2026-09-18 10:25:00,97.2,97.65,93.35,96.65,26117.0
2026-09-18 10:26:00,96.5,98.8,94.85,98.15,20877.0
2026-09-18 10:27:00,98.15,102.5,97.3,97.8,49562.0
2026-09-18 10:28:00,97.8,97.9,94.35,96.1,23034.0
2026-09-18 10:29:00,96.1,98.5,94.65,94.7,12762.0
2026-09-18 10:30:00,94.75,95.25,91.65,92.2,24116.0
2026-09-18 10:31:00,92.3,98.0,91.35,97.65,15840.0
2026-09-18 10:32:00,97.4,100.85,97.4,99.5,28127.0
2026-09-18 10:33:00,99.3,101.0,97.4,100.95,18130.0
2026-09-18 10:34:00,100.95,101.85,98.0,98.95,17072.0
2026-09-18 10:35:00,99.25,101.5,97.6,100.45,14663.0
2026-09-18 10:36:00,100.2,101.25,98.35,100.85,12413.0
2026-09-18 10:37:00,100.85,102.0,96.05,96.7,20760.0
2026-09-18 10:38:00,96.75,99.7,94.85,99.65,16868.0
2026-09-18 10:39:00,99.65,100.6,95.4,100.3,16439.0
2026-09-18 10:40:00,100.25,104.5,100.1,103.3,42455.0
2026-09-18 10:41:00,103.0,104.4,99.6,100.1,27119.0
2026-09-18 10:42:00,99.95,100.9,96.55,99.7,22092.0
2026-09-18 10:43:00,99.85,101.15,99.0,99.8,8614.0
2026-09-18 10:44:00,99.95,102.3,98.0,98.8,11113.0
2026-09-18 10:45:00,98.7,100.7,97.35,98.0,10577.0
2026-09-18 10:46:00,98.05,99.0,96.7,98.5,9936.0
2026-09-18 10:47:00,98.5,101.7,97.75,99.8,15225.0
2026-09-18 10:48:00,99.95,100.9,97.45,100.1,8941.0
2026-09-18 10:49:00,100.2,103.75,99.0,99.55,17707.0
2026-09-18 10:50:00,99.3,100.45,97.2,99.2,11086.0
2026-09-18 10:51:00,99.3,99.7,94.15,94.15,21590.0
2026-09-18 10:52:00,94.25,96.4,92.0,96.05,25833.0
2026-09-18 10:53:00,95.9,98.0,95.6,96.35,12995.0
2026-09-18 10:54:00,96.4,97.3,94.6,96.95,8846.0
2026-09-18 10:55:00,96.85,97.8,93.05,94.65,14252.0
2026-09-18 10:56:00,94.65,96.6,94.2,94.85,6239.0
2026-09-18 10:57:00,94.85,95.7,93.8,94.8,6072.0
2026-09-18 10:58:00,94.65,98.2,94.65,98.0,9165.0
2026-09-18 10:59:00,97.8,98.9,95.3,96.5,9197.0
2026-09-18 11:00:00,96.65,96.7,94.0,94.0,8563.0
2026-09-18 11:01:00,93.8,99.8,93.3,99.7,20248.0
2026-09-18 11:02:00,99.6,100.8,95.15,96.2,19351.0
2026-09-18 11:03:00,96.2,99.0,96.0,97.55,7007.0
2026-09-18 11:04:00,97.9,100.8,96.7,100.5,9936.0
2026-09-18 11:05:00,100.15,105.6,100.1,103.1,42195.0
2026-09-18 11:06:00,103.35,104.35,99.45,100.1,21032.0
2026-09-18 11:07:00,100.2,100.85,97.25,98.4,16308.0
2026-09-18 11:08:00,98.35,99.0,96.3,98.1,12289.0
2026-09-18 11:09:00,98.1,98.4,95.35,96.1,10263.0
2026-09-18 11:10:00,96.35,99.85,95.8,97.6,12003.0
2026-09-18 11:11:00,97.55,97.8,94.35,95.65,17128.0
2026-09-18 11:12:00,95.6,99.5,95.15,98.9,9715.0
2026-09-18 11:13:00,98.9,101.0,97.5,97.5,18286.0
2026-09-18 11:14:00,97.7,98.85,96.6,97.05,7539.0
2026-09-18 11:15:00,97.2,98.95,96.0,98.85,6235.0
2026-09-18 11:16:00,98.6,99.1,97.0,98.9,6135.0
2026-09-18 11:17:00,99.1,102.0,98.55,101.65,15368.0
2026-09-18 11:18:00,101.4,103.0,100.55,102.05,19263.0
2026-09-18 11:19:00,102.05,102.9,100.0,102.6,10244.0
2026-09-18 11:20:00,102.55,102.75,98.0,98.6,13761.0
2026-09-18 11:21:00,98.65,99.55,97.05,98.25,11548.0
2026-09-18 11:22:00,98.2,99.0,96.0,97.95,12138.0
2026-09-18 11:23:00,97.95,98.4,95.7,97.75,10062.0
2026-09-18 11:24:00,97.85,99.9,96.2,97.7,11469.0
2026-09-18 11:25:00,97.95,101.8,97.9,100.45,18057.0
2026-09-18 11:26:00,100.2,102.7,100.2,101.75,13577.0
2026-09-18 11:27:00,101.5,102.1,100.0,100.25,8560.0
2026-09-18 11:28:00,100.35,102.9,100.1,102.05,8953.0
2026-09-18 11:29:00,102.15,102.8,100.1,100.5,10572.0
2026-09-18 11:30:00,100.45,100.75,96.6,99.05,21968.0
2026-09-18 11:31:00,98.8,103.4,98.6,101.0,17313.0
2026-09-18 11:32:00,100.8,101.0,99.05,100.35,7093.0
2026-09-18 11:33:00,100.1,104.8,99.9,102.4,22909.0
2026-09-18 11:34:00,102.35,103.05,99.75,99.8,13597.0
2026-09-18 11:35:00,99.85,101.55,99.45,100.25,7008.0
2026-09-18 11:36:00,100.0,100.95,98.25,99.05,10021.0
2026-09-18 11:37:00,99.1,101.35,98.55,99.8,6899.0
2026-09-18 11:38:00,100.0,100.95,98.55,98.9,6072.0
2026-09-18 11:39:00,98.8,99.3,98.1,99.0,5430.0
2026-09-18 11:40:00,99.0,101.0,98.15,98.85,7664.0
2026-09-18 11:41:00,98.8,99.7,97.05,97.2,10935.0
2026-09-18 11:42:00,97.2,99.25,97.0,99.0,7731.0
2026-09-18 11:43:00,99.0,100.65,98.15,99.5,8803.0
2026-09-18 11:44:00,99.65,100.95,98.55,99.3,6485.0
2026-09-18 11:45:00,99.1,100.0,98.0,98.2,6642.0
2026-09-18 11:46:00,98.05,98.4,94.25,96.05,33447.0
2026-09-18 11:47:00,96.0,98.85,95.3,97.35,11051.0
2026-09-18 11:48:00,97.3,98.35,96.25,96.3,4695.0
2026-09-18 11:49:00,96.3,96.75,93.2,94.0,21350.0
2026-09-18 11:50:00,94.2,94.65,92.05,93.7,17318.0
2026-09-18 11:51:00,93.7,95.45,90.6,90.65,19907.0
2026-09-18 11:52:00,90.65,90.9,86.1,88.45,43089.0
2026-09-18 11:53:00,88.2,88.7,84.0,86.5,30801.0
2026-09-18 11:54:00,86.4,87.6,86.05,86.85,18210.0
2026-09-18 11:55:00,86.85,89.2,85.15,88.0,20257.0
2026-09-18 11:56:00,88.2,89.0,87.0,87.55,15447.0
2026-09-18 11:57:00,87.3,87.6,84.45,85.45,19280.0
2026-09-18 11:58:00,85.45,86.2,81.6,85.65,32162.0
2026-09-18 11:59:00,85.65,87.3,85.2,86.7,15672.0
2026-09-18 12:00:00,86.9,87.2,80.75,83.0,29324.0
2026-09-18 12:01:00,83.3,84.3,82.0,83.75,15829.0
2026-09-18 12:02:00,83.95,84.0,81.7,82.85,14758.0
2026-09-18 12:03:00,82.65,84.8,82.0,84.4,14098.0
2026-09-18 12:04:00,84.2,88.95,84.2,88.55,29671.0
2026-09-18 12:05:00,88.4,90.85,87.6,89.95,34788.0
2026-09-18 12:06:00,90.15,90.8,86.0,86.5,26634.0
2026-09-18 12:07:00,86.6,88.8,86.4,87.3,10601.0
2026-09-18 12:08:00,87.2,90.4,86.2,89.65,13324.0
2026-09-18 12:09:00,89.4,91.0,88.05,88.25,15265.0
2026-09-18 12:10:00,88.15,88.95,86.5,87.6,10566.0
2026-09-18 12:11:00,87.85,88.8,85.2,85.2,9419.0
2026-09-18 12:12:00,85.2,87.25,84.3,86.25,13668.0
2026-09-18 12:13:00,86.6,86.95,84.5,85.6,7133.0
2026-09-18 12:14:00,85.5,86.45,85.0,85.4,5154.0
2026-09-18 12:15:00,85.45,87.5,85.3,86.6,10053.0
2026-09-18 12:16:00,86.45,86.7,85.3,86.0,4657.0
2026-09-18 12:17:00,86.0,87.45,84.25,87.2,9807.0
2026-09-18 12:18:00,87.1,87.8,86.5,86.7,8073.0
2026-09-18 12:19:00,86.7,88.85,86.5,88.45,10278.0
2026-09-18 12:20:00,88.25,90.0,88.05,88.2,19862.0
2026-09-18 12:21:00,88.25,89.0,87.1,87.25,9316.0
2026-09-18 12:22:00,87.3,88.8,86.75,88.8,6371.0
2026-09-18 12:23:00,88.85,89.5,85.65,86.55,12624.0
2026-09-18 12:24:00,86.65,87.65,84.2,86.95,15495.0
2026-09-18 12:25:00,86.75,88.8,86.5,88.15,9167.0
2026-09-18 12:26:00,88.2,88.4,87.0,88.1,3840.0
2026-09-18 12:27:00,88.05,88.7,85.6,86.1,8201.0
2026-09-18 12:28:00,86.2,86.5,83.8,85.7,15281.0
2026-09-18 12:29:00,85.55,85.7,83.3,83.6,10452.0
2026-09-18 12:30:00,83.8,84.6,82.05,83.15,16328.0
2026-09-18 12:31:00,83.2,83.55,82.0,83.4,8948.0
2026-09-18 12:32:00,83.5,84.35,83.0,83.7,8497.0
2026-09-18 12:33:00,83.9,85.0,83.1,84.95,8470.0
2026-09-18 12:34:00,84.95,85.0,83.6,83.8,7748.0
2026-09-18 12:35:00,83.85,83.85,82.15,82.4,9461.0
2026-09-18 12:36:00,82.6,82.6,78.7,79.7,37210.0
2026-09-18 12:37:00,79.5,80.0,77.3,79.65,24069.0
2026-09-18 12:38:00,79.65,81.7,78.65,81.45,17990.0
2026-09-18 12:39:00,81.25,83.2,81.05,81.8,16183.0
2026-09-18 12:40:00,81.8,81.8,80.0,80.6,8566.0
2026-09-18 12:41:00,80.4,81.0,78.85,79.0,8638.0
2026-09-18 12:42:00,78.9,79.95,77.95,78.8,10030.0
2026-09-18 12:43:00,78.85,79.85,77.45,78.0,12124.0
2026-09-18 12:44:00,78.0,80.0,76.65,79.75,16236.0
2026-09-18 12:45:00,79.7,81.95,79.45,80.55,17522.0
2026-09-18 12:46:00,80.55,81.2,79.15,79.35,8120.0
2026-09-18 12:47:00,79.55,80.5,78.85,80.35,6586.0
2026-09-18 12:48:00,80.25,81.3,79.7,80.55,7712.0
2026-09-18 12:49:00,80.6,82.7,80.3,81.45,13531.0
2026-09-18 12:50:00,81.7,82.3,80.35,82.15,9217.0
2026-09-18 12:51:00,82.25,82.5,80.85,82.3,8488.0
2026-09-18 12:52:00,82.3,82.7,80.7,82.0,8839.0
2026-09-18 12:53:00,82.0,82.25,80.25,80.7,5940.0
2026-09-18 12:54:00,80.8,80.9,78.65,79.1,10878.0
2026-09-18 12:55:00,79.0,80.0,78.2,79.0,5869.0
2026-09-18 12:56:00,79.0,79.15,77.0,78.8,11982.0
2026-09-18 12:57:00,78.75,81.0,78.5,80.0,8118.0
2026-09-18 12:58:00,80.05,80.2,77.7,79.6,8172.0
2026-09-18 12:59:00,79.5,79.9,76.35,77.3,12602.0
2026-09-18 13:00:00,77.5,78.0,76.1,76.35,9386.0
2026-09-18 13:01:00,76.35,76.95,75.15,76.05,16177.0
2026-09-18 13:02:00,76.15,76.45,73.6,74.2,20106.0
2026-09-18 13:03:00,74.2,75.3,73.3,73.7,13397.0
2026-09-18 13:04:00,73.8,74.0,71.25,73.45,33398.0
2026-09-18 13:05:00,73.4,75.9,73.0,75.35,16086.0
2026-09-18 13:06:00,75.45,75.5,73.25,75.1,8416.0
2026-09-18 13:07:00,75.25,75.4,73.55,74.25,6557.0
2026-09-18 13:08:00,74.05,74.55,72.6,73.85,11050.0
2026-09-18 13:09:00,73.85,74.4,73.3,73.95,5020.0
2026-09-18 13:10:00,73.95,76.0,73.65,75.2,11188.0
2026-09-18 13:11:00,75.05,77.0,74.7,76.8,13472.0
2026-09-18 13:12:00,76.8,76.95,74.95,76.4,13920.0
2026-09-18 13:13:00,76.4,77.5,75.1,77.05,11226.0
2026-09-18 13:14:00,77.05,77.9,76.05,77.2,11502.0
2026-09-18 13:15:00,77.25,79.65,76.7,79.15,21343.0
2026-09-18 13:16:00,79.35,79.5,77.7,78.65,15420.0
2026-09-18 13:17:00,78.8,79.0,77.1,78.8,9313.0
2026-09-18 13:18:00,78.95,80.6,78.45,79.85,20563.0
2026-09-18 13:19:00,79.85,80.9,78.95,80.2,17198.0
2026-09-18 13:20:00,80.4,81.6,80.0,81.25,20206.0
2026-09-18 13:21:00,81.25,81.9,79.1,79.55,15936.0
2026-09-18 13:22:00,79.6,80.0,78.1,78.35,12440.0
2026-09-18 13:23:00,78.55,78.8,76.6,78.4,15027.0
2026-09-18 13:24:00,78.1,78.45,75.95,77.5,10249.0
2026-09-18 13:25:00,77.35,78.9,77.0,78.15,8310.0
2026-09-18 13:26:00,78.3,78.7,76.6,76.95,6582.0
2026-09-18 13:27:00,76.95,78.2,76.0,77.55,7770.0
2026-09-18 13:28:00,77.45,78.8,75.5,78.65,11614.0
2026-09-18 13:29:00,78.65,79.5,77.65,77.9,9082.0
2026-09-18 13:30:00,77.65,78.4,76.85,77.3,7293.0
2026-09-18 13:31:00,77.35,81.45,76.9,79.95,18350.0
2026-09-18 13:32:00,80.1,80.25,76.8,77.35,11832.0
2026-09-18 13:33:00,77.4,77.5,75.7,75.85,9556.0
2026-09-18 13:34:00,75.7,78.7,74.4,78.45,17111.0
2026-09-18 13:35:00,78.2,80.4,78.0,79.2,16147.0
2026-09-18 13:36:00,79.15,80.85,79.0,80.05,15243.0
2026-09-18 13:37:00,80.05,80.2,77.75,77.95,12451.0
2026-09-18 13:38:00,77.9,78.8,76.4,76.65,6609.0
2026-09-18 13:39:00,76.95,79.6,76.0,78.8,11012.0
2026-09-18 13:40:00,79.0,81.5,78.6,80.1,20948.0
2026-09-18 13:41:00,80.3,81.25,80.05,80.85,11767.0
2026-09-18 13:42:00,80.85,82.95,80.2,82.9,19519.0
2026-09-18 13:43:00,82.85,84.0,82.1,83.55,29840.0
2026-09-18 13:44:00,83.55,86.0,83.5,86.0,33777.0
2026-09-18 13:45:00,86.0,88.0,84.7,85.3,53335.0
2026-09-18 13:46:00,85.25,85.45,83.25,83.85,24294.0
2026-09-18 13:47:00,84.0,85.3,80.5,82.3,31614.0
2026-09-18 13:48:00,82.4,86.2,81.7,85.6,22461.0
2026-09-18 13:49:00,85.3,86.0,83.7,84.35,15351.0
2026-09-18 13:50:00,84.2,84.3,81.35,81.65,15416.0
2026-09-18 13:51:00,81.6,82.2,76.05,77.1,42333.0
2026-09-18 13:52:00,77.1,79.3,76.0,78.95,18332.0
2026-09-18 13:53:00,78.95,79.8,77.25,78.25,13160.0
2026-09-18 13:54:00,78.4,78.6,75.7,77.0,18043.0
2026-09-18 13:55:00,77.25,77.75,75.6,77.65,13547.0
2026-09-18 13:56:00,77.65,79.4,76.15,76.7,16139.0
2026-09-18 13:57:00,76.6,77.4,76.0,76.0,7084.0
2026-09-18 13:58:00,76.15,77.55,75.0,77.3,18363.0
2026-09-18 13:59:00,77.35,78.95,77.05,78.65,13448.0
2026-09-18 14:00:00,78.85,79.0,77.3,77.85,12612.0
2026-09-18 14:01:00,77.85,78.9,77.6,78.65,5586.0
2026-09-18 14:02:00,78.7,79.0,76.6,76.85,10513.0
2026-09-18 14:03:00,77.1,77.8,75.4,75.9,13581.0
2026-09-18 14:04:00,76.0,76.8,74.1,75.0,16293.0
2026-09-18 14:05:00,74.9,75.2,72.2,73.25,35011.0
2026-09-18 14:06:00,73.2,74.9,71.45,73.05,24839.0
2026-09-18 14:07:00,73.05,73.55,71.7,72.4,17899.0
2026-09-18 14:08:00,72.35,73.2,70.65,72.65,23023.0
2026-09-18 14:09:00,72.8,73.0,67.55,69.8,48032.0
2026-09-18 14:10:00,69.7,69.75,67.6,68.35,26052.0
2026-09-18 14:11:00,68.2,69.0,67.0,68.8,24111.0
2026-09-18 14:12:00,68.75,70.15,68.0,70.0,14101.0
2026-09-18 14:13:00,70.15,71.9,69.9,71.05,23222.0
2026-09-18 14:14:00,71.0,71.7,69.55,71.55,13263.0
2026-09-18 14:15:00,71.45,71.95,69.05,70.8,14166.0
2026-09-18 14:16:00,70.65,70.8,68.45,68.85,11621.0
2026-09-18 14:17:00,68.65,69.45,68.3,68.8,7286.0
2026-09-18 14:18:00,68.65,70.5,68.65,69.7,8648.0
2026-09-18 14:19:00,69.7,70.1,69.1,69.65,5355.0
2026-09-18 14:20:00,69.6,69.7,68.65,69.1,6960.0
2026-09-18 14:21:00,69.1,69.35,68.0,68.6,7473.0
2026-09-18 14:22:00,68.55,68.8,67.45,67.7,12037.0
2026-09-18 14:23:00,67.9,69.35,67.35,69.05,12903.0
2026-09-18 14:24:00,68.95,69.95,68.0,69.7,7310.0
2026-09-18 14:25:00,69.8,70.0,69.0,69.8,8767.0
2026-09-18 14:26:00,69.75,70.0,69.1,69.15,7410.0
2026-09-18 14:27:00,69.3,69.4,66.35,68.2,18518.0
2026-09-18 14:28:00,68.15,68.15,63.75,65.45,33138.0
2026-09-18 14:29:00,65.3,65.95,63.1,63.15,34902.0
2026-09-18 14:30:00,63.25,64.65,61.8,62.65,34474.0
2026-09-18 14:31:00,62.5,64.25,62.4,64.2,15250.0
2026-09-18 14:32:00,64.2,64.5,62.0,62.0,17658.0
2026-09-18 14:33:00,62.1,62.15,58.95,61.9,40091.0
2026-09-18 14:34:00,62.0,62.4,60.5,61.8,24642.0
2026-09-18 14:35:00,61.7,63.35,61.6,62.5,17596.0
2026-09-18 14:36:00,62.5,63.35,61.9,63.05,14586.0
2026-09-18 14:37:00,63.2,63.35,62.2,63.2,12027.0
2026-09-18 14:38:00,63.15,64.2,63.0,63.7,15918.0
2026-09-18 14:39:00,63.7,64.55,62.85,64.15,10131.0
2026-09-18 14:40:00,64.15,65.2,64.0,64.7,16656.0
2026-09-18 14:41:00,64.6,65.75,63.8,65.1,14328.0
2026-09-18 14:42:00,65.05,66.35,64.7,66.35,16297.0
2026-09-18 14:43:00,66.35,66.75,65.45,66.7,13578.0
2026-09-18 14:44:00,66.65,68.5,66.0,68.25,23439.0
2026-09-18 14:45:00,68.25,69.0,66.1,66.25,25889.0
2026-09-18 14:46:00,66.1,67.2,65.2,65.65,13643.0
2026-09-18 14:47:00,65.6,66.35,63.7,64.05,15838.0
2026-09-18 14:48:00,64.15,65.75,63.7,64.5,12813.0
2026-09-18 14:49:00,64.5,64.65,62.4,63.55,13364.0
2026-09-18 14:50:00,63.45,64.0,61.3,61.65,17138.0
2026-09-18 14:51:00,61.5,62.2,59.55,61.8,27452.0
2026-09-18 14:52:00,61.8,61.9,57.1,57.3,26642.0
2026-09-18 14:53:00,57.3,58.5,56.5,57.2,28158.0
2026-09-18 14:54:00,57.2,58.15,55.4,57.6,25906.0
2026-09-18 14:55:00,57.8,58.6,56.55,57.15,16477.0
2026-09-18 14:56:00,57.35,58.3,56.8,58.0,10515.0
2026-09-18 14:57:00,57.85,59.35,57.85,58.85,17004.0
2026-09-18 14:58:00,59.0,59.5,53.6,55.7,29194.0
2026-09-18 14:59:00,55.6,56.7,55.55,56.25,15845.0
2026-09-18 15:00:00,56.2,61.5,56.2,61.2,33720.0
2026-09-18 15:01:00,61.2,62.7,59.4,60.45,25968.0
2026-09-18 15:02:00,60.45,61.35,59.75,60.05,16613.0
2026-09-18 15:03:00,60.0,60.65,59.0,60.5,14867.0
2026-09-18 15:04:00,60.4,62.0,59.7,61.5,16071.0
2026-09-18 15:05:00,61.65,62.4,60.8,61.15,22308.0
2026-09-18 15:06:00,61.0,61.6,58.85,61.4,20191.0
2026-09-18 15:07:00,61.55,64.7,61.1,64.2,30967.0
2026-09-18 15:08:00,64.0,66.35,63.75,66.1,44262.0
2026-09-18 15:09:00,66.3,67.35,65.3,66.5,36655.0
2026-09-18 15:10:00,66.6,67.9,66.1,67.35,24868.0
2026-09-18 15:11:00,67.35,67.7,64.5,65.85,26668.0
2026-09-18 15:12:00,65.95,67.6,64.8,66.35,22547.0
2026-09-18 15:13:00,66.35,66.85,62.6,64.15,28891.0
2026-09-18 15:14:00,64.25,66.5,64.1,65.4,21974.0
2026-09-18 15:15:00,65.35,65.8,62.25,63.5,24492.0
2026-09-18 15:16:00,63.5,65.25,63.5,64.9,10967.0
2026-09-18 15:17:00,64.85,66.5,64.0,65.95,13521.0
2026-09-18 15:18:00,65.8,67.6,65.15,66.6,21389.0
2026-09-18 15:19:00,66.65,66.75,64.3,65.45,14389.0
2026-09-18 15:20:00,65.55,69.9,63.7,67.05,56856.0
2026-09-18 15:21:00,66.95,67.6,64.1,66.4,22332.0
2026-09-18 15:22:00,66.3,67.3,64.0,66.45,24609.0
2026-09-18 15:23:00,66.3,67.8,65.5,66.65,17548.0
2026-09-18 15:24:00,66.65,68.2,65.15,66.5,18726.0
2026-09-18 15:25:00,66.65,66.85,64.6,65.1,14190.0
2026-09-18 15:26:00,65.25,65.6,60.2,61.85,32031.0
2026-09-18 15:27:00,61.9,62.65,58.5,59.55,24252.0
2026-09-18 15:28:00,59.3,63.15,59.2,63.0,17372.0
2026-09-18 15:29:00,63.0,63.5,62.1,63.0,18804.0
2026-09-18 15:30:00,63.0,65.25,62.55,64.75,16912.0
2026-09-18 15:31:00,64.65,64.95,64.0,64.55,9340.0
2026-09-18 15:32:00,64.5,68.0,64.3,67.55,22057.0
2026-09-18 15:33:00,67.45,68.0,65.65,67.15,17682.0
2026-09-18 15:34:00,67.3,69.15,67.05,68.25,25238.0
2026-09-18 15:35:00,68.1,68.85,65.35,66.3,15501.0
2026-09-18 15:36:00,66.3,66.75,65.0,65.9,13088.0
2026-09-18 15:37:00,65.9,66.6,65.4,66.2,12220.0
2026-09-18 15:38:00,66.35,66.7,65.55,66.4,10772.0
2026-09-18 15:39:00,66.4,66.5,63.0,64.45,17563.0
2026-09-21 09:15:00,62.4,62.4,47.65,57.25,94557.0
2026-09-21 09:16:00,57.8,59.95,50.0,50.15,71959.0
2026-09-21 09:17:00,50.0,50.6,43.05,43.35,65192.0
2026-09-21 09:18:00,43.4,46.5,41.2,45.15,55395.0
2026-09-21 09:19:00,45.2,45.5,43.3,44.45,31962.0
2026-09-21 09:20:00,44.55,46.4,42.2,44.65,36311.0
2026-09-21 09:21:00,44.75,46.2,43.3,46.0,27663.0
2026-09-21 09:22:00,45.85,47.1,44.35,45.5,25803.0
2026-09-21 09:23:00,45.45,46.2,43.0,43.95,21299.0
2026-09-21 09:24:00,44.0,46.0,43.55,45.45,17850.0
2026-09-21 09:25:00,45.55,46.75,43.4,44.25,18644.0
2026-09-21 09:26:00,44.1,45.35,42.5,43.15,17819.0
2026-09-21 09:27:00,43.1,43.2,40.7,42.1,29309.0
2026-09-21 09:28:00,42.1,42.8,40.55,41.6,20120.0
2026-09-21 09:29:00,41.7,42.1,39.3,39.95,30293.0
2026-09-21 09:30:00,40.05,40.15,38.45,38.9,34133.0
2026-09-21 09:31:00,38.9,39.7,37.5,38.85,30642.0
2026-09-21 09:32:00,38.8,40.05,37.7,39.85,20739.0
2026-09-21 09:33:00,39.85,40.3,38.6,38.95,15130.0
2026-09-21 09:34:00,39.0,40.75,38.7,39.35,17770.0
2026-09-21 09:35:00,39.3,39.4,37.55,37.55,16089.0
2026-09-21 09:36:00,37.55,39.65,37.0,39.3,21413.0
2026-09-21 09:37:00,39.4,41.3,39.15,41.05,24802.0
2026-09-21 09:38:00,41.0,41.6,39.7,40.95,18266.0
2026-09-21 09:39:00,40.85,41.15,39.25,40.55,14289.0
2026-09-21 09:40:00,40.45,42.75,40.15,42.75,30025.0
2026-09-21 09:41:00,42.75,43.15,40.8,42.05,24172.0
2026-09-21 09:42:00,42.0,42.9,40.35,42.45,11624.0
2026-09-21 09:43:00,42.55,42.6,40.7,41.65,10588.0
2026-09-21 09:44:00,41.65,41.85,39.2,40.75,15351.0
2026-09-21 09:45:00,40.65,40.85,39.2,39.7,9880.0
2026-09-21 09:46:00,39.55,39.7,37.5,37.85,19295.0
2026-09-21 09:47:00,37.75,40.15,37.4,39.7,20900.0
2026-09-21 09:48:00,39.75,40.2,37.15,37.25,17260.0
2026-09-21 09:49:00,37.4,37.7,35.35,37.5,42790.0
2026-09-21 09:50:00,37.4,37.5,36.1,36.85,19013.0
2026-09-21 09:51:00,36.75,37.35,35.6,36.65,11798.0
2026-09-21 09:52:00,36.6,37.7,36.35,36.45,8300.0
2026-09-21 09:53:00,36.35,38.2,36.05,37.95,10850.0
2026-09-21 09:54:00,38.0,39.0,37.15,38.8,13257.0
2026-09-21 09:55:00,38.65,39.1,37.9,38.55,19849.0
2026-09-21 09:56:00,38.45,38.9,37.6,38.55,8266.0
2026-09-21 09:57:00,38.5,38.7,35.8,37.2,20248.0
2026-09-21 09:58:00,37.0,39.9,36.75,39.4,22910.0
2026-09-21 09:59:00,39.45,40.45,38.3,38.5,21807.0
2026-09-21 10:00:00,38.4,39.95,37.6,39.3,12658.0
2026-09-21 10:01:00,39.3,40.4,38.65,40.25,12207.0
2026-09-21 10:02:00,40.4,41.3,39.7,41.2,16843.0
2026-09-21 10:03:00,41.2,42.8,40.9,42.7,22510.0
2026-09-21 10:04:00,42.65,44.0,42.0,42.2,35304.0
2026-09-21 10:05:00,42.2,43.45,40.75,43.2,22799.0
2026-09-21 10:06:00,43.1,44.95,42.7,44.0,32687.0
2026-09-21 10:07:00,44.0,44.5,42.3,43.45,18530.0
2026-09-21 10:08:00,43.4,44.05,42.2,42.35,11323.0
2026-09-21 10:09:00,42.4,42.75,40.75,41.45,16678.0
2026-09-21 10:10:00,41.35,43.0,39.8,40.75,19318.0
2026-09-21 10:11:00,40.75,41.25,38.0,38.05,23595.0
2026-09-21 10:12:00,38.2,40.0,37.45,39.95,16896.0
2026-09-21 10:13:00,39.9,43.7,39.75,42.75,28157.0
2026-09-21 10:14:00,42.8,44.4,42.25,44.0,27382.0
2026-09-21 10:15:00,44.05,45.5,43.5,44.3,36310.0
2026-09-21 10:16:00,44.45,45.15,41.65,41.95,25039.0
2026-09-21 10:17:00,41.95,44.5,41.2,43.7,14687.0
2026-09-21 10:18:00,43.7,44.4,41.6,42.8,16428.0
2026-09-21 10:19:00,42.85,45.0,42.1,43.95,12712.0
2026-09-21 10:20:00,44.0,44.5,42.45,44.4,8211.0
2026-09-21 10:21:00,44.4,45.2,43.2,44.25,18474.0
2026-09-21 10:22:00,44.1,44.6,42.8,43.55,12722.0
2026-09-21 10:23:00,43.7,44.3,41.65,42.4,13679.0
2026-09-21 10:24:00,42.35,44.0,41.65,43.8,11084.0
2026-09-21 10:25:00,43.85,45.8,43.85,45.3,26027.0
2026-09-21 10:26:00,45.3,45.55,43.8,44.95,19942.0
2026-09-21 10:27:00,44.95,46.9,44.6,45.85,29200.0
2026-09-21 10:28:00,46.0,46.25,44.35,45.05,17800.0
2026-09-21 10:29:00,44.85,45.05,42.4,43.05,21211.0
2026-09-21 10:30:00,43.15,44.65,42.7,44.2,13143.0
2026-09-21 10:31:00,44.2,44.3,42.45,43.8,11145.0
2026-09-21 10:32:00,43.8,45.0,43.3,44.25,10601.0
2026-09-21 10:33:00,44.25,45.75,43.85,45.6,12946.0
2026-09-21 10:34:00,45.6,46.95,45.15,45.75,24116.0
2026-09-21 10:35:00,45.65,46.95,45.05,45.55,13731.0
2026-09-21 10:36:00,45.55,46.0,44.35,45.8,12442.0
2026-09-21 10:37:00,45.8,46.45,44.5,45.2,14073.0
2026-09-21 10:38:00,45.25,45.4,43.9,45.0,13038.0
2026-09-21 10:39:00,45.05,46.7,44.7,46.45,11946.0
2026-09-21 10:40:00,46.55,46.65,45.0,46.15,10588.0
2026-09-21 10:41:00,46.15,46.3,42.9,43.6,20574.0
2026-09-21 10:42:00,43.5,43.75,41.1,42.6,25378.0
2026-09-21 10:43:00,42.6,43.0,41.8,42.05,11548.0
2026-09-21 10:44:00,42.15,42.7,41.1,41.95,11251.0
2026-09-21 10:45:00,41.8,41.95,39.55,40.2,29500.0
2026-09-21 10:46:00,40.1,40.7,39.1,40.05,15082.0
2026-09-21 10:47:00,40.2,41.7,38.55,41.55,21384.0
2026-09-21 10:48:00,41.55,42.85,41.0,42.45,18629.0
2026-09-21 10:49:00,42.45,42.5,40.55,41.1,11520.0
2026-09-21 10:50:00,40.9,41.4,40.0,40.8,7044.0
2026-09-21 10:51:00,40.75,40.75,39.2,39.85,10833.0
2026-09-21 10:52:00,39.7,40.4,38.8,39.0,8709.0
2026-09-21 10:53:00,39.15,39.3,37.6,37.95,16861.0
2026-09-21 10:54:00,37.95,39.05,37.25,38.3,15242.0
2026-09-21 10:55:00,38.3,40.7,38.0,40.35,13251.0
2026-09-21 10:56:00,40.35,40.35,38.7,39.4,8559.0
2026-09-21 10:57:00,39.35,39.4,38.25,38.8,7130.0
2026-09-21 10:58:00,38.8,39.75,38.0,39.65,8149.0
2026-09-21 10:59:00,39.6,39.6,37.7,38.05,7407.0
2026-09-21 11:00:00,37.95,39.65,37.7,39.0,10178.0
2026-09-21 11:01:00,39.0,40.15,39.0,39.55,8040.0
2026-09-21 11:02:00,39.6,39.65,38.3,39.3,6978.0
2026-09-21 11:03:00,39.25,39.3,37.8,38.0,7585.0
2026-09-21 11:04:00,38.0,38.5,37.25,38.25,9348.0
2026-09-21 11:05:00,38.15,38.95,37.55,38.35,7248.0
2026-09-21 11:06:00,38.3,38.75,36.75,37.55,11402.0
2026-09-21 11:07:00,37.55,37.65,36.35,36.55,12715.0
2026-09-21 11:08:00,36.7,36.8,35.45,36.1,19626.0
2026-09-21 11:09:00,36.2,36.7,35.5,35.9,10156.0
2026-09-21 11:10:00,35.8,36.15,35.2,35.65,10955.0
2026-09-21 11:11:00,35.65,35.85,34.2,35.1,25551.0
2026-09-21 11:12:00,35.1,35.85,34.8,35.65,12931.0
2026-09-21 11:13:00,35.75,35.75,34.3,35.15,13271.0
2026-09-21 11:14:00,35.1,36.0,34.85,35.45,6567.0
2026-09-21 11:15:00,35.4,36.1,34.85,35.95,11874.0
2026-09-21 11:16:00,36.1,37.5,35.6,36.65,25529.0
2026-09-21 11:17:00,36.75,37.4,36.0,37.2,8258.0
2026-09-21 11:18:00,37.35,38.25,36.85,37.95,16828.0
2026-09-21 11:19:00,37.8,38.0,37.0,37.15,10794.0
2026-09-21 11:20:00,37.05,37.75,36.2,37.2,10076.0
2026-09-21 11:21:00,37.3,38.0,36.45,37.2,9262.0
2026-09-21 11:22:00,37.2,37.3,36.05,36.5,7023.0
2026-09-21 11:23:00,36.5,36.65,35.05,35.25,13535.0
2026-09-21 11:24:00,35.4,36.1,34.95,35.8,8849.0
2026-09-21 11:25:00,35.8,36.5,35.55,36.35,7011.0
2026-09-21 11:26:00,36.1,36.4,35.55,36.2,6170.0
2026-09-21 11:27:00,36.25,36.3,35.15,35.65,5640.0
2026-09-21 11:28:00,35.65,35.95,34.7,35.4,14767.0
2026-09-21 11:29:00,35.4,35.65,34.9,35.4,4992.0
2026-09-21 11:30:00,35.55,35.55,33.45,34.15,23276.0
2026-09-21 11:31:00,34.15,34.7,32.8,33.15,27565.0
2026-09-21 11:32:00,33.2,33.8,33.0,33.5,8990.0
2026-09-21 11:33:00,33.55,34.0,32.1,32.2,19660.0
2026-09-21 11:34:00,32.1,33.15,31.7,32.75,15716.0
2026-09-21 11:35:00,32.75,34.55,32.65,34.3,16540.0
2026-09-21 11:36:00,34.35,34.4,33.45,34.3,9166.0
2026-09-21 11:37:00,34.15,34.5,33.85,34.25,6732.0
2026-09-21 11:38:00,34.25,34.9,34.15,34.75,6121.0
2026-09-21 11:39:00,34.7,35.35,34.4,35.25,15721.0
2026-09-21 11:40:00,35.3,35.8,34.95,35.5,14404.0
2026-09-21 11:41:00,35.5,35.75,33.9,34.15,12811.0
2026-09-21 11:42:00,34.25,34.35,33.0,33.65,10930.0
2026-09-21 11:43:00,33.75,34.15,33.2,33.3,13994.0
2026-09-21 11:44:00,33.3,34.2,32.85,33.25,8111.0
2026-09-21 11:45:00,33.25,34.1,33.1,33.7,4501.0
2026-09-21 11:46:00,33.7,35.15,33.45,34.75,8878.0
2026-09-21 11:47:00,34.85,35.65,34.35,35.2,16575.0
2026-09-21 11:48:00,35.3,35.4,34.3,34.45,7136.0
2026-09-21 11:49:00,34.55,35.25,34.5,34.8,4180.0
2026-09-21 11:50:00,34.95,35.15,33.85,34.0,6408.0
2026-09-21 11:51:00,34.0,34.5,33.75,33.75,4908.0
2026-09-21 11:52:00,33.75,33.9,32.4,32.8,18901.0
2026-09-21 11:53:00,32.8,32.95,31.5,32.0,18898.0
2026-09-21 11:54:00,32.0,32.1,29.75,30.2,37307.0
2026-09-21 11:55:00,30.1,30.85,29.6,29.7,21187.0
2026-09-21 11:56:00,29.7,29.8,28.5,29.2,28108.0
2026-09-21 11:57:00,29.05,29.7,28.7,29.3,19536.0
2026-09-21 11:58:00,29.3,29.45,28.6,28.9,17847.0
2026-09-21 11:59:00,28.95,29.95,28.7,29.7,12377.0
2026-09-21 12:00:00,29.75,29.8,28.4,28.85,13713.0
2026-09-21 12:01:00,28.8,29.8,28.65,29.15,8293.0
2026-09-21 12:02:00,29.15,30.0,29.15,29.95,9576.0
2026-09-21 12:03:00,29.95,30.55,29.7,30.35,11004.0
2026-09-21 12:04:00,30.3,30.65,29.55,29.6,9737.0
2026-09-21 12:05:00,29.65,30.45,29.35,30.25,8353.0
2026-09-21 12:06:00,30.3,30.3,29.5,30.1,6943.0
2026-09-21 12:07:00,30.15,30.5,29.8,30.45,4796.0
2026-09-21 12:08:00,30.5,31.0,30.2,30.4,9620.0
2026-09-21 12:09:00,30.4,30.95,30.3,30.45,8992.0
2026-09-21 12:10:00,30.5,31.15,30.45,31.1,15420.0
2026-09-21 12:11:00,31.05,31.1,30.0,30.15,11597.0
2026-09-21 12:12:00,30.15,30.5,29.75,30.2,6988.0
2026-09-21 12:13:00,30.25,30.5,29.75,29.9,4477.0
2026-09-21 12:14:00,29.8,30.2,29.6,29.7,4163.0
2026-09-21 12:15:00,29.75,30.45,29.5,29.95,5157.0
2026-09-21 12:16:00,29.9,30.15,29.55,29.9,5378.0
2026-09-21 12:17:00,29.9,30.3,29.85,30.25,3176.0
2026-09-21 12:18:00,30.25,30.7,30.0,30.7,5524.0
2026-09-21 12:19:00,30.6,30.8,30.15,30.3,6538.0
2026-09-21 12:20:00,30.25,30.7,30.0,30.0,4237.0
2026-09-21 12:21:00,30.1,30.15,29.0,29.65,11071.0
2026-09-21 12:22:00,29.7,30.3,29.5,30.2,3833.0
2026-09-21 12:23:00,30.3,31.0,30.15,30.8,9324.0
2026-09-21 12:24:00,30.8,31.1,30.4,30.6,8511.0
2026-09-21 12:25:00,30.55,30.75,30.25,30.35,4368.0
2026-09-21 12:26:00,30.2,30.4,29.4,30.1,6655.0
2026-09-21 12:27:00,30.1,30.2,29.6,29.9,2726.0
2026-09-21 12:28:00,29.9,30.0,29.3,29.5,4955.0
2026-09-21 12:29:00,29.4,29.65,29.05,29.2,6803.0
2026-09-21 12:30:00,29.2,29.65,28.6,28.75,12012.0
2026-09-21 12:31:00,28.85,29.75,28.6,29.65,7569.0
2026-09-21 12:32:00,29.7,30.7,29.5,30.25,8152.0
2026-09-21 12:33:00,30.3,30.8,29.85,30.4,7155.0
2026-09-21 12:34:00,30.45,30.8,29.85,30.1,5035.0
2026-09-21 12:35:00,30.0,30.6,29.65,30.05,4955.0
2026-09-21 12:36:00,30.15,30.5,29.95,30.3,2701.0
2026-09-21 12:37:00,30.35,30.5,29.85,30.0,3431.0
2026-09-21 12:38:00,30.0,30.6,29.85,30.35,5817.0
2026-09-21 12:39:00,30.4,30.75,30.0,30.45,5541.0
2026-09-21 12:40:00,30.4,31.05,30.2,30.8,7246.0
2026-09-21 12:41:00,30.8,31.85,30.8,31.55,13092.0
2026-09-21 12:42:00,31.45,31.55,30.35,31.05,12065.0
2026-09-21 12:43:00,31.1,31.2,30.6,31.1,4180.0
2026-09-21 12:44:00,31.1,31.3,29.4,29.6,11180.0
2026-09-21 12:45:00,29.7,30.1,29.1,29.25,5105.0
2026-09-21 12:46:00,29.25,29.6,28.8,29.0,9341.0
2026-09-21 12:47:00,29.05,30.15,29.0,30.05,5176.0
2026-09-21 12:48:00,30.0,30.45,29.75,30.05,3477.0
2026-09-21 12:49:00,29.95,30.75,29.8,30.1,4780.0
2026-09-21 12:50:00,30.05,30.65,30.0,30.45,4685.0
2026-09-21 12:51:00,30.45,31.0,29.85,30.05,5195.0
2026-09-21 12:52:00,29.95,31.0,29.7,30.85,4116.0
2026-09-21 12:53:00,30.95,31.0,30.35,30.5,4166.0
2026-09-21 12:54:00,30.65,30.65,29.3,29.35,6714.0
2026-09-21 12:55:00,29.45,29.75,29.0,29.5,5483.0
2026-09-21 12:56:00,29.4,29.8,29.3,29.3,3396.0
2026-09-21 12:57:00,29.35,29.75,29.0,29.55,9092.0
2026-09-21 12:58:00,29.45,30.3,29.4,29.9,5341.0
2026-09-21 12:59:00,29.8,30.5,29.8,30.4,3201.0
2026-09-21 13:00:00,30.3,30.9,30.0,30.8,7113.0
2026-09-21 13:01:00,30.75,30.8,29.6,29.7,11020.0
2026-09-21 13:02:00,29.7,30.2,29.45,30.05,5494.0
2026-09-21 13:03:00,30.15,31.4,29.9,31.3,12680.0
2026-09-21 13:04:00,31.4,32.25,31.2,31.75,18773.0
2026-09-21 13:05:00,31.7,31.95,30.5,31.4,11352.0
2026-09-21 13:06:00,31.4,31.9,31.05,31.3,6171.0
2026-09-21 13:07:00,31.35,32.7,31.1,32.4,15959.0
2026-09-21 13:08:00,32.4,32.75,31.85,32.45,11505.0
2026-09-21 13:09:00,32.45,33.25,31.8,33.0,12484.0
2026-09-21 13:10:00,33.0,33.35,32.1,32.6,13321.0
2026-09-21 13:11:00,32.65,33.5,32.3,32.9,9234.0
2026-09-21 13:12:00,32.9,33.05,31.7,32.25,9159.0
2026-09-21 13:13:00,32.15,32.3,30.6,31.0,13077.0
2026-09-21 13:14:00,30.95,31.05,30.0,30.65,15539.0
2026-09-21 13:15:00,30.65,30.65,28.35,28.65,21112.0
2026-09-21 13:16:00,28.6,29.0,27.9,28.2,18022.0
2026-09-21 13:17:00,28.15,28.75,27.65,28.45,9642.0
2026-09-21 13:18:00,28.55,28.8,26.85,26.85,17530.0
2026-09-21 13:19:00,26.95,27.25,26.0,26.4,25766.0
2026-09-21 13:20:00,26.5,26.9,25.7,26.35,19347.0
2026-09-21 13:21:00,26.35,27.45,25.9,26.05,14466.0
2026-09-21 13:22:00,26.05,26.3,25.35,26.2,14903.0
2026-09-21 13:23:00,26.25,26.35,25.4,26.1,7741.0
2026-09-21 13:24:00,26.05,27.1,26.0,26.35,8502.0
2026-09-21 13:25:00,26.35,26.6,25.8,26.0,8290.0
2026-09-21 13:26:00,26.0,26.25,25.25,25.65,8760.0
2026-09-21 13:27:00,25.5,25.8,24.8,25.5,19764.0
2026-09-21 13:28:00,25.35,25.75,25.2,25.3,8389.0
2026-09-21 13:29:00,25.35,26.1,25.25,25.5,5799.0
2026-09-21 13:30:00,25.5,26.3,25.35,26.25,5652.0
2026-09-21 13:31:00,26.25,26.35,25.75,25.95,10838.0
2026-09-21 13:32:00,25.9,25.9,25.1,25.25,7776.0
2026-09-21 13:33:00,25.3,25.4,24.35,24.4,17496.0
2026-09-21 13:34:00,24.35,24.65,23.65,23.8,17841.0
2026-09-21 13:35:00,23.75,24.55,23.75,24.4,10815.0
2026-09-21 13:36:00,24.4,25.3,24.2,25.1,10115.0
2026-09-21 13:37:00,25.0,25.15,24.3,24.8,6864.0
2026-09-21 13:38:00,24.8,25.05,24.5,24.95,5960.0
2026-09-21 13:39:00,24.9,25.15,24.75,25.05,4943.0
2026-09-21 13:40:00,25.1,25.8,24.85,25.65,9052.0
2026-09-21 13:41:00,25.7,25.8,25.3,25.5,7977.0
2026-09-21 13:42:00,25.55,25.9,25.0,25.9,6175.0
2026-09-21 13:43:00,25.9,26.25,25.8,26.0,9248.0
2026-09-21 13:44:00,26.05,26.1,25.2,25.4,5532.0
2026-09-21 13:45:00,25.5,25.65,25.1,25.25,5290.0
2026-09-21 13:46:00,25.3,25.75,25.2,25.4,4912.0
2026-09-21 13:47:00,25.3,25.45,24.7,25.1,6169.0
2026-09-21 13:48:00,25.05,25.5,24.8,25.45,3386.0
2026-09-21 13:49:00,25.45,25.75,24.5,24.55,5376.0
2026-09-21 13:50:00,24.5,24.75,24.0,24.15,12712.0
2026-09-21 13:51:00,24.15,24.4,23.05,24.15,19891.0
2026-09-21 13:52:00,24.1,24.25,23.25,23.75,12229.0
2026-09-21 13:53:00,23.65,24.15,23.15,24.1,11260.0
2026-09-21 13:54:00,24.1,24.3,23.75,24.0,6466.0
2026-09-21 13:55:00,23.9,24.05,23.1,23.4,11853.0
2026-09-21 13:56:00,23.4,23.7,23.1,23.45,20223.0
2026-09-21 13:57:00,23.4,23.45,21.9,22.75,42790.0
2026-09-21 13:58:00,22.65,22.8,21.65,22.0,29235.0
2026-09-21 13:59:00,21.95,22.05,20.25,21.1,39143.0
2026-09-21 14:00:00,21.1,22.0,20.9,21.35,26547.0
2026-09-21 14:01:00,21.35,22.1,21.3,22.0,18700.0
2026-09-21 14:02:00,22.0,22.0,21.4,21.65,10099.0
2026-09-21 14:03:00,21.65,21.8,21.25,21.55,9868.0
2026-09-21 14:04:00,21.55,22.25,21.4,22.1,11724.0
2026-09-21 14:05:00,22.05,22.5,22.0,22.15,14503.0
2026-09-21 14:06:00,22.05,22.15,21.45,21.6,10664.0
2026-09-21 14:07:00,21.5,21.85,21.2,21.7,10529.0
2026-09-21 14:08:00,21.65,22.0,21.45,22.0,7591.0
2026-09-21 14:09:00,22.05,22.25,21.65,21.75,8389.0
2026-09-21 14:10:00,21.7,22.4,21.6,22.25,8589.0
2026-09-21 14:11:00,22.3,22.35,21.3,21.45,9319.0
2026-09-21 14:12:00,21.45,21.6,20.85,21.0,10545.0
2026-09-21 14:13:00,21.0,21.6,20.85,21.5,7694.0
2026-09-21 14:14:00,21.45,22.0,21.2,21.85,7682.0
2026-09-21 14:15:00,21.85,22.15,21.7,22.15,5705.0
2026-09-21 14:16:00,22.05,22.15,21.5,21.55,6158.0
2026-09-21 14:17:00,21.5,21.7,21.0,21.2,6705.0
2026-09-21 14:18:00,21.25,21.35,20.7,20.7,8876.0
2026-09-21 14:19:00,20.8,21.15,20.4,20.8,11352.0
2026-09-21 14:20:00,20.8,20.95,20.35,20.65,8231.0
2026-09-21 14:21:00,20.7,21.4,20.65,21.35,6499.0
2026-09-21 14:22:00,21.3,21.75,21.1,21.6,6390.0
2026-09-21 14:23:00,21.6,21.7,21.15,21.35,4940.0
2026-09-21 14:24:00,21.35,21.55,21.2,21.55,2797.0
2026-09-21 14:25:00,21.55,21.8,21.35,21.75,4236.0
2026-09-21 14:26:00,21.8,21.9,21.4,21.5,4531.0
2026-09-21 14:27:00,21.5,21.55,21.0,21.05,4204.0
2026-09-21 14:28:00,21.15,21.8,20.8,21.8,6199.0
2026-09-21 14:29:00,21.75,22.45,21.7,22.0,14500.0
2026-09-21 14:30:00,22.05,23.15,22.0,22.65,20306.0
2026-09-21 14:31:00,22.6,22.75,22.0,22.6,10416.0
2026-09-21 14:32:00,22.6,23.05,22.25,22.45,10074.0
2026-09-21 14:33:00,22.4,22.75,22.2,22.4,6137.0
2026-09-21 14:34:00,22.4,22.75,22.2,22.6,3588.0
2026-09-21 14:35:00,22.55,23.1,22.4,23.0,9060.0
2026-09-21 14:36:00,22.95,23.05,22.1,22.4,9196.0
2026-09-21 14:37:00,22.45,22.45,21.35,21.5,14354.0
2026-09-21 14:38:00,21.45,21.6,20.85,21.2,12072.0
2026-09-21 14:39:00,21.25,21.7,21.1,21.5,5352.0
2026-09-21 14:40:00,21.5,21.5,20.65,21.0,8064.0
2026-09-21 14:41:00,20.9,21.45,20.7,21.35,4326.0
2026-09-21 14:42:00,21.35,21.5,20.75,20.9,6173.0
2026-09-21 14:43:00,20.9,21.25,20.6,21.1,5494.0
2026-09-21 14:44:00,21.1,21.4,20.85,21.15,6079.0
2026-09-21 14:45:00,21.2,21.45,21.05,21.35,6169.0
2026-09-21 14:46:00,21.35,22.1,21.25,22.1,4957.0
2026-09-21 14:47:00,22.0,22.2,21.15,21.15,5461.0
2026-09-21 14:48:00,21.15,21.5,20.85,21.4,7185.0
2026-09-21 14:49:00,21.45,21.65,21.1,21.25,5466.0
2026-09-21 14:50:00,21.3,21.5,20.7,21.45,12588.0
2026-09-21 14:51:00,21.45,21.9,21.2,21.45,8245.0
2026-09-21 14:52:00,21.45,21.75,21.3,21.35,4494.0
2026-09-21 14:53:00,21.35,22.1,21.3,21.7,8000.0
2026-09-21 14:54:00,21.75,21.85,21.3,21.4,8495.0
2026-09-21 14:55:00,21.4,21.7,21.3,21.55,4110.0
2026-09-21 14:56:00,21.55,21.75,21.05,21.3,5951.0
2026-09-21 14:57:00,21.3,21.3,20.7,21.25,6622.0
2026-09-21 14:58:00,21.2,21.9,21.0,21.9,5068.0
2026-09-21 14:59:00,21.9,22.35,21.8,22.25,12417.0
2026-09-21 15:00:00,22.2,23.75,21.95,22.1,28532.0
2026-09-21 15:01:00,22.15,22.8,21.8,22.65,11884.0
2026-09-21 15:02:00,22.7,23.4,22.7,23.25,14344.0
2026-09-21 15:03:00,23.15,23.4,22.65,23.0,10102.0
2026-09-21 15:04:00,23.0,23.25,22.75,22.9,6587.0
2026-09-21 15:05:00,22.95,23.1,22.25,22.75,10517.0
2026-09-21 15:06:00,22.85,23.35,22.75,23.3,7763.0
2026-09-21 15:07:00,23.3,23.95,23.15,23.75,16690.0
2026-09-21 15:08:00,23.7,24.15,23.5,23.8,16243.0
2026-09-21 15:09:00,23.9,23.95,22.75,23.35,18712.0
2026-09-21 15:10:00,23.35,24.15,23.35,24.05,16000.0
2026-09-21 15:11:00,24.1,25.15,24.0,24.55,19904.0
2026-09-21 15:12:00,24.65,25.25,24.05,25.2,18475.0
2026-09-21 15:13:00,25.2,25.35,23.5,24.5,22126.0
2026-09-21 15:14:00,24.55,24.7,23.3,23.8,16457.0
2026-09-21 15:15:00,23.8,24.35,21.45,22.75,31903.0
2026-09-21 15:16:00,22.65,23.2,22.2,22.45,11227.0
2026-09-21 15:17:00,22.4,23.2,22.3,23.05,10295.0
2026-09-21 15:18:00,23.1,23.4,22.5,22.75,9116.0
2026-09-21 15:19:00,22.65,22.8,20.4,22.0,24282.0
2026-09-21 15:20:00,22.0,23.5,21.95,22.55,26794.0
2026-09-21 15:21:00,22.5,22.65,21.7,21.75,13249.0
2026-09-21 15:22:00,21.75,22.1,21.0,21.9,18769.0
2026-09-21 15:23:00,21.9,22.5,21.7,22.25,12125.0
2026-09-21 15:24:00,22.25,22.45,21.5,22.1,10262.0
2026-09-21 15:25:00,22.2,23.3,22.05,23.1,16210.0
2026-09-21 15:26:00,23.15,24.25,22.85,23.65,20156.0
2026-09-21 15:27:00,23.7,24.15,22.95,23.4,13685.0
2026-09-21 15:28:00,23.35,23.45,21.9,23.0,20241.0
2026-09-21 15:29:00,23.0,23.7,22.8,23.2,20596.0
2026-09-21 15:30:00,23.3,23.6,22.9,23.15,15606.0
